id,Trans_id,stations,walktime,description
0,0,"Blue Line ",2,Maverick
0,1,114,2,Maverick
0,1,116,2,Maverick
0,1,117,2,Maverick
0,1,120,2,Maverick
0,1,121,2,Maverick
1,0,"Blue Line ",2,Maverick
1,1,114,2,Maverick
1,1,116,2,Maverick
1,1,117,2,Maverick
1,1,120,2,Maverick
1,1,121,2,Maverick
2,0,57,5,"Tremont St @ Washington St"
2,0,501,5,"Tremont St @ Washington St"
2,1,64,5,"Faneuil St @ Bigelow St"
3,0,64,6,"Brooks St @ Faneuil St"
3,1,57,8,"Washington St @ Foster St"
3,1,501,8,"Washington St @ Foster St"
3,2,86,9,"Market St @ Sparhawk St"
4,0,64,6,"Brooks St @ Faneuil St"
4,1,57,8,"Washington St @ Foster St"
4,1,501,8,"Washington St @ Foster St"
4,2,86,9,"Market St @ Sparhawk St"
5,0,64,6,"Brooks St @ Faneuil St"
5,1,57,8,"Washington St @ Foster St"
5,1,501,8,"Washington St @ Foster St"
5,2,86,9,"Market St @ Sparhawk St"
6,0,"B ",7,"Allston Street"
6,1,"Framingham/Worcester Line ",10,"Boston Landing"
6,2,51,3,"Cambridge St @ Barrows St"
6,2,57,3,"Cambridge St @ Barrows St"
6,2,66,3,"Cambridge St @ Barrows St"
6,2,501,3,"Cambridge St @ Barrows St"
7,0,80,1,"Medford St @ Glenwood Rd"
7,1,89,5,"Broadway @ Medford St - Magoun Sq"
7,1,89/93,5,"Broadway @ Medford St - Magoun Sq"
7,2,101,10,"Main St @ Broadway"
8,0,57,5,"Tremont St @ Washington St"
8,0,501,5,"Tremont St @ Washington St"
8,1,64,5,"Faneuil St @ Bigelow St"
9,0,80,1,"Medford St @ Glenwood Rd"
9,1,89,5,"Broadway @ Medford St - Magoun Sq"
9,1,89/93,5,"Broadway @ Medford St - Magoun Sq"
9,2,101,10,"Main St @ Broadway"
10,0,80,1,"Medford St @ Glenwood Rd"
10,1,89,5,"Broadway @ Medford St - Magoun Sq"
10,1,89/93,5,"Broadway @ Medford St - Magoun Sq"
10,2,101,10,"Main St @ Broadway"
11,0,"Red LIne ",8,"JFK / UMass"
11,1,"Greenbush/Kingston ",8,"JFK / UMass"
11,2,"Middleborough/Lakeville ",8,"JFK / UMass"
11,3,8,8,"JFK / UMass"
11,3,16,8,"JFK / UMass"
11,3,41,8,"JFK / UMass"
11,4,18,2,"Dorchster Ave @ Howes St"
12,0,80,1,"Medford St @ Glenwood Rd"
12,1,89,5,"Broadway @ Medford St - Magoun Sq"
12,1,89/93,5,"Broadway @ Medford St - Magoun Sq"
12,2,101,10,"Main St @ Broadway"
13,0,80,1,"Medford St @ Glenwood Rd"
13,1,89,5,"Broadway @ Medford St - Magoun Sq"
13,1,89/93,5,"Broadway @ Medford St - Magoun Sq"
13,2,101,10,"Main St @ Broadway"
14,0,"Fairmount/Franklin ",8,"Uphams Corner"
14,1,"Red Line ",15,"JFK / UMass"
14,2,"Greenbush/Kingston ",15,"JFK / UMass"
14,3,"Middleborough/Lakeville ",15,"JFK / UMass"
15,0,57,5,"Tremont St opp Cufflin St"
15,0,501,5,"Tremont St opp Cufflin St"
15,1,64,7,"Faneuil St @ Bigelow St"
16,0,"B ",7,"Allston Street"
16,1,"Framingham/Worcester Line ",10,"Boston Landing"
16,2,51,3,"Cambridge St @ Barrows St"
16,2,57,3,"Cambridge St @ Barrows St"
16,2,66,3,"Cambridge St @ Barrows St"
16,2,501,3,"Cambridge St @ Barrows St"
17,0,23,1,"Washington St @ Columbia Rd"
17,1,16,1,"Columbia Rd @ Washington St"
17,1,19,1,"Columbia Rd @ Washington St"
17,2,"Franklin/Fairmount Line ",3,"Four Corners/Geneva"
18,0,57,5,"Tremont St @ Washington St"
18,0,501,5,"Tremont St @ Washington St"
18,1,64,5,"Faneuil St @ Bigelow St"
19,0,"Franklin Fairmount ",12,"Morton Street"
19,1,28,2,"Blue Hill Ave @ Woodrow Ave"
19,1,29,2,"Blue Hill Ave @ Woodrow Ave"
20,0,"Red LIne ",8,"JFK / UMass"
20,1,"Greenbush/Kingston ",8,"JFK / UMass"
20,2,"Middleborough/Lakeville ",8,"JFK / UMass"
20,3,8,8,"JFK / UMass"
20,3,16,8,"JFK / UMass"
20,3,41,8,"JFK / UMass"
20,4,18,2,"Dorchster Ave @ Howes St"
21,0,"Red Line ",6,"JFK / UMass"
21,1,"Greenbush/Kingston ",6,"JFK / UMass"
21,2,"Fairmount/Franklin ",15,"Uphams Corner"
21,3,8,6,"JFK / UMass"
21,3,16,6,"JFK / UMass"
21,3,41,6,"JFK / UMass"
22,0,"Red Line ",6,"JFK / UMass"
22,1,"Greenbush/Kingston ",6,"JFK / UMass"
22,2,8,6,"JFK / UMass"
22,2,16,6,"JFK / UMass"
22,2,41,6,"JFK / UMass"
22,3,"Fairmount/Franklin ",15,"Uphams Corner"
22,4,17,7,"Boston St @ Mayhew St"
22,4,18,7,"Boston St @ Mayhew St"
23,0,80,1,"Medford St @ Glenwood Rd"
23,1,89,5,"Broadway @ Medford St - Magoun Sq"
23,1,89/93,5,"Broadway @ Medford St - Magoun Sq"
23,2,101,10,"Main St @ Broadway"
24,0,"Framingham/Worcester Line ",12,"Boston Landing"
24,1,64,1,"Cambridge St @ Linden St"
24,1,66,1,"Cambridge St @ Linden St"
24,1,501,1,"Cambridge St @ Linden St"
24,2,57,4,"Brighton Ave @ Linden St"
25,0,"Red LIne ",8,"JFK / UMass"
25,1,"Greenbush/Kingston ",8,"JFK / UMass"
25,2,"Middleborough/Lakeville ",8,"JFK / UMass"
25,3,8,8,"JFK / UMass"
25,3,16,8,"JFK / UMass"
25,3,41,8,"JFK / UMass"
25,4,18,2,"Dorchster Ave @ Howes St"
26,0,"Greenbush/Kingston ",1,"JFK / UMass"
26,1,"Red Line ",1,"JFK / UMass"
26,2,"Middleborough/Lakeville ",1,"JFK / UMass"
26,3,8,1,"JFK / UMass"
26,3,16,1,"JFK / UMass"
26,3,41,1,"JFK / UMass"
27,0,"Fairmount/Franklin ",7,"Four Corners/Geneva"
27,1,14,3,"Blue Hill Ave opp McLellan St"
27,1,22,3,"Blue Hill Ave opp McLellan St"
27,1,28,3,"Blue Hill Ave opp McLellan St"
27,1,29,3,"Blue Hill Ave opp McLellan St"
27,1,45,3,"Blue Hill Ave opp McLellan St"
28,0,"Red Line ",8,Porter
28,1,"Fitchburg Line ",8,Porter
28,2,88,2,"Highland Ave @ Willow Ave"
28,2,89,2,"Highland Ave @ Willow Ave"
28,3,87,10,Davis
28,3,88,10,Davis
28,3,89,10,Davis
28,3,90,10,Davis
28,3,94,10,Davis
28,3,96,10,Davis
29,0,80,1,"Medford St @ Glenwood Rd"
29,1,89,5,"Broadway @ Medford St - Magoun Sq"
29,1,89/93,5,"Broadway @ Medford St - Magoun Sq"
29,2,101,10,"Main St @ Broadway"
30,0,"Red Line ",6,"JFK / UMass"
30,1,"Greenbush/Kingston ",6,"JFK / UMass"
30,2,"Middleborough/Lakeville ",6,"JFK / UMass"
30,3,18,2,"Dorchester Ave @ Edison Green"
31,0,"B ",8,"Harvard Avenue"
31,1,"Framingham/Worcester Line ",12,"Boston Landing"
31,2,64,2,"Cambridge St @ Linden St"
31,2,66,2,"Cambridge St @ Linden St"
31,2,501,2,"Cambridge St @ Linden St"
32,0,"Framingham/Worcester ",6,Auburndale
32,1,"D ",11,Riverside
32,2,558,11,Riverside
32,3,"MBRS ",11,Riverside
33,0,"Greenbush Line Kingston Line Middleborough/Lakeville Line ",11,"JFK / UMass"
33,1,"Red Line ",11,"JFK / UMass"
33,2,8,11,"JFK / UMass"
33,2,16,11,"JFK / UMass"
33,2,41,11,"JFK / UMass"
34,0,"Fairmount Line ",7,"Four Corners/Geneva"
34,1,14,3,"Blue Hill Ave opp McLellan St"
34,1,22,3,"Blue Hill Ave opp McLellan St"
34,1,28,3,"Blue Hill Ave opp McLellan St"
34,1,29,3,"Blue Hill Ave opp McLellan St"
34,1,45,3,"Blue Hill Ave opp McLellan St"
34,2,16,3,"Old Rd @ Ellington St"
35,0,"Greenbush Line Kingston Line Middleborough/Lakeville Line ",11,"JFK / UMass"
35,1,"Red Line ",11,"JFK / UMass"
35,2,8,11,"JFK / UMass"
35,2,16,11,"JFK / UMass"
35,2,41,11,"JFK / UMass"
36,0,"Fairmount Line Franklin Line ",9,"Uphams Corner"
36,1,"Kingston Line Greenbush Line Middleborough/Lakeville Line ",12,"JFK / UMass"
36,2,"Red Line ",12,"JFK / UMass"
36,3,8,12,"JFK / UMass"
36,3,,12,"JFK / UMass"
36,3,16,12,"JFK / UMass"
36,3,41,12,"JFK / UMass"
36,3,Red,12,"JFK / UMass"
36,3,Line,12,"JFK / UMass"
36,3,Shuttle,12,"JFK / UMass"
37,0,"Greenbush Line Kingston Line Middleborough/Lakeville Line ",11,"JFK / UMass"
37,1,"Red Line ",11,"JFK / UMass"
37,2,8,11,"JFK / UMass"
37,2,16,11,"JFK / UMass"
37,2,41,11,"JFK / UMass"
38,0,"Red Line ",8,Andrew
38,1,"Fairmount Line Franklin Line ",11,Newmarket
38,2,"Greenbush Kingston Middleborough/Lakeville ",14,"JFK / UMass"
38,3,8,14,"JFK / UMass"
38,3,41,14,"JFK / UMass"
38,3,16,14,"JFK / UMass"
39,0,"Framingham/Worcester Line ",12,"Boston Landing"
39,1,64,1,"Cambridge St @ Linden St"
39,1,66,1,"Cambridge St @ Linden St"
39,1,501,1,"Cambridge St @ Linden St"
39,2,57,4,"Brighton Ave @ Linden St"
40,0,"Red Line ",8,Andrew
40,1,"Fairmount Line Franklin Line ",11,Newmarket
40,2,"Greenbush Kingston Middleborough/Lakeville ",14,"JFK / UMass"
40,3,8,14,"JFK / UMass"
40,3,41,14,"JFK / UMass"
40,3,16,14,"JFK / UMass"
41,0,"Red Line ",8,Porter
41,1,"Fitchburg Line ",8,Porter
41,2,88,2,"Highland Ave @ Willow Ave"
41,2,89,2,"Highland Ave @ Willow Ave"
41,3,87,10,Davis
41,3,88,10,Davis
41,3,89,10,Davis
41,3,90,10,Davis
41,3,94,10,Davis
41,3,96,10,Davis
42,0,"Orange Line ",8,"Stony Brook"
42,1,42,1,"Washington St @ School St"
42,2,22,2,"Columbus Ave @ Weld Ave"
42,2,29,2,"Columbus Ave @ Weld Ave"
42,2,44,2,"Columbus Ave @ Weld Ave"
43,0,"Red Line ",8,Porter
43,1,"Fitchburg Line ",8,Porter
43,2,88,2,"Highland Ave @ Willow Ave"
43,2,89,2,"Highland Ave @ Willow Ave"
43,3,87,10,Davis
43,3,88,10,Davis
43,3,89,10,Davis
43,3,90,10,Davis
43,3,94,10,Davis
43,3,96,10,Davis
44,0,"E ",5,"Fenwood Road"
44,1,"Orange Line ",10,"Roxbury Crossing"
44,2,35,4,"Huntington Ave opp Fenwood Rd"
44,2,39,4,"Huntington Ave opp Fenwood Rd"
44,2,66,4,"Huntington Ave opp Fenwood Rd"
45,0,"B ",16,"Boston College"
46,0,"B ",8,"Harvard Avenue"
46,1,"Framingham/Worcester ",12,"Boston Landing"
46,2,64,2,"Cambridge St @ Linden St"
46,2,66,2,"Cambridge St @ Linden St"
46,2,501,2,"Cambridge St @ Linden St"
47,0,"Fairmount/Franklin ",8,"Uphams Corner"
47,1,"Red Line ",15,"JFK / UMass"
47,2,"Greenbush/Kingston ",15,"JFK / UMass"
47,3,"Middleborough/Lakeville ",15,"JFK / UMass"
48,0,"Framingham/Worcester Line ",12,"Boston Landing"
48,1,64,1,"Cambridge St @ Linden St"
48,1,66,1,"Cambridge St @ Linden St"
48,1,501,1,"Cambridge St @ Linden St"
48,2,57,4,"Brighton Ave @ Linden St"
49,0,"B ",14,"Warren Street"
49,1,51,5,"Market St @ Keenan Rd"
49,1,57,5,"Market St @ Keenan Rd"
49,1,66,5,"Market St @ Keenan Rd"
49,2,86,6,"Cambridge St @ Dustin St"
50,0,"E ",5,"Fenwood Road"
50,1,"Orange Line ",10,"Roxbury Crossing"
50,2,35,4,"Huntington Ave opp Fenwood Rd"
50,2,39,4,"Huntington Ave opp Fenwood Rd"
50,2,66,4,"Huntington Ave opp Fenwood Rd"
51,0,"B ",14,"Warren Street"
51,1,51,5,"Market St @ Keenan Rd"
51,1,57,5,"Market St @ Keenan Rd"
51,1,66,5,"Market St @ Keenan Rd"
51,2,86,6,"Cambridge St @ Dustin St"
52,0,"Orange Line ",8,"Jackson Square"
52,1,"E ",9,"Health Street"
53,0,"Red Line ",8,Andrew
53,1,"Fairmount Line Franklin Line ",11,Newmarket
53,2,"Greenbush Kingston Middleborough/Lakeville ",14,"JFK / UMass"
53,3,8,14,"JFK / UMass"
53,3,41,14,"JFK / UMass"
53,3,16,14,"JFK / UMass"
54,0,"Red line ",3,"JFK / UMass"
54,1,"Greenbush Kingston ",3,"JFK / UMass"
54,2,"Middleborough/Lakeville ",3,"JFK / UMass"
54,3,8,3,"JFK / UMass"
54,3,16,3,"JFK / UMass"
54,3,41,3,"JFK / UMass"
55,0,"Framingham/Worcester ",6,Auburndale
55,1,"D ",11,Riverside
55,2,558,11,Riverside
55,3,"MBRS ",11,Riverside
56,0,"Red Line ",10,"JFK / UMass"
56,1,"Kingston/Greenbush ",10,"JFK / UMass"
56,2,"Middleborough/Lakeville ",10,"JFK / UMass"
56,3,8,10,"JFK / UMass"
56,3,16,10,"JFK / UMass"
56,3,41,10,"JFK / UMass"
57,0,"Fairmount Line ",7,"Four Corners/Geneva"
57,1,14,3,"Blue Hill Ave opp McLellan St"
57,1,22,3,"Blue Hill Ave opp McLellan St"
57,1,28,3,"Blue Hill Ave opp McLellan St"
57,1,29,3,"Blue Hill Ave opp McLellan St"
57,1,45,3,"Blue Hill Ave opp McLellan St"
57,2,16,3,"Old Rd @ Ellington St"
58,0,"Fairmount Line ",7,"Four Corners/Geneva"
58,1,14,3,"Blue Hill Ave opp McLellan St"
58,1,22,3,"Blue Hill Ave opp McLellan St"
58,1,28,3,"Blue Hill Ave opp McLellan St"
58,1,29,3,"Blue Hill Ave opp McLellan St"
58,1,45,3,"Blue Hill Ave opp McLellan St"
58,2,16,3,"Old Rd @ Ellington St"
59,0,"Red Line ",3,"JFK / UMass"
59,1,"Greenbush/Kingston ",3,"JFK / UMass"
59,2,"Lakeville Line ",3,"JFK / UMass"
60,0,"Red Line ",6,"JFK / UMass"
60,1,"Greenbush Line Kingston Line ",6,"JFK / UMass"
60,2,"Fairmount Line Franklin Line ",15,"Uphams Corner"
60,3,8,6,"JFK / UMass"
60,3,16,6,"JFK / UMass"
60,3,41,6,"JFK / UMass"
61,0,"B ",14,"Warren Street"
61,1,51,5,"Market St @ Keenan Rd"
61,1,57,5,"Market St @ Keenan Rd"
61,1,66,5,"Market St @ Keenan Rd"
61,2,86,6,"Cambridge St @ Dustin St"
62,0,"Red LIne ",8,"JFK / UMass"
62,1,"Greenbush/Kingston ",8,"JFK / UMass"
62,2,"Middleborough/Lakeville ",8,"JFK / UMass"
62,3,8,8,"JFK / UMass"
62,3,16,8,"JFK / UMass"
62,3,41,8,"JFK / UMass"
62,4,18,2,"Dorchster Ave @ Howes St"
63,0,57,2,"Washington St @ Oak Square Ave"
63,0,501,2,"Washington St @ Oak Square Ave"
63,1,64,6,"Faneuil St @ Brooks St"
64,0,"B ",8,"Harvard Avenue"
64,1,64,1,"Cambridge Street"
64,1,66,1,"Cambridge Street"
64,1,501,1,"Cambridge Street"
65,0,64,6,"Brooks St @ Faneuil St"
65,1,57,8,"Washington St @ Foster St"
65,1,501,8,"Washington St @ Foster St"
65,2,86,9,"Market St @ Sparhawk St"
66,0,"Greenbush Line Kingston Line Middleborough/Lakeville Line ",11,"JFK / UMass"
66,1,"Red Line ",11,"JFK / UMass"
66,2,8,11,"JFK / UMass"
66,2,16,11,"JFK / UMass"
66,2,41,11,"JFK / UMass"
67,0,"B ",14,"Warren Street"
67,1,51,5,"Market St @ Keenan Rd"
67,1,57,5,"Market St @ Keenan Rd"
67,1,66,5,"Market St @ Keenan Rd"
67,2,86,6,"Cambridge St @ Dustin St"
68,0,"B ",14,"Warren Street"
68,1,51,5,"Market St @ Keenan Rd"
68,1,57,5,"Market St @ Keenan Rd"
68,1,66,5,"Market St @ Keenan Rd"
68,2,86,6,"Cambridge St @ Dustin St"
69,0,"B ",4,"Sutherland Road"
69,1,"C ",5,"Dean Road"
70,0,"Red Line ",14,"JFK / UMass"
70,1,"Fairmount Franklin ",8,"Uphams Corner"
70,2,"Greenbush Kingstone Middleborough/Lakeville ",14,"JFK / UMass"
70,3,"Middleborough/Lakeville ",14,"JFK / UMass"
71,0,"Fairmount Line ",5,"Uphams Corner"
71,1,"Kingston Line ",15,"JFK / UMass"
71,2,"Greenbush Line ",15,"JFK / UMass"
71,3,"Red line ",15,"JFK / UMass"
71,4,16,5,"Columbia Rd @ Holden St"
71,4,17,5,"Columbia Rd @ Holden St"
71,4,41,5,"Columbia Rd @ Holden St"
72,0,57,5,"Tremont St @ Washington St"
72,0,501,5,"Tremont St @ Washington St"
72,1,64,5,"Faneuil St @ Bigelow St"
73,0,"Red Line ",14,"JFK / UMass"
73,1,"Fairmount Franklin ",8,"Uphams Corner"
73,2,"Greenbush Kingstone Middleborough/Lakeville ",14,"JFK / UMass"
73,3,"Middleborough/Lakeville ",14,"JFK / UMass"
74,0,"B ",14,"Warren Street"
74,1,51,5,"Market St @ Keenan Rd"
74,1,57,5,"Market St @ Keenan Rd"
74,1,66,5,"Market St @ Keenan Rd"
74,2,86,6,"Cambridge St @ Dustin St"
75,0,"Red Line ",6,JFK/UMass
75,1,"Greenbush Line Kingston Line ",6,JFK/UMass
75,2,"Fairmount Line Franklin/Foxboro Line ",15,Newmarket
75,3,8,6,JFK/UMass
75,3,16,6,JFK/UMass
75,3,41,6,JFK/UMass
76,0,"B ",8,"Harvard Avenue"
76,1,"Framingham ",13,"Boston Landing"
77,0,57,3,"Washington St @ Brock St"
77,0,501,3,"Washington St @ Brock St"
77,1,51,12,"Chestnut Hill Ave @ Veronica Smith Ctr"
77,1,65,12,"Chestnut Hill Ave @ Veronica Smith Ctr"
77,1,86,12,"Chestnut Hill Ave @ Veronica Smith Ctr"
78,0,"B ",8,"Harvard Avenue"
78,1,64,1,"Cambridge Street"
78,1,66,1,"Cambridge Street"
78,1,501,1,"Cambridge Street"
79,0,"Greenbush/Kingston ",1,"JFK / UMass"
79,1,"Red Line ",1,"JFK / UMass"
79,2,"Middleborough/Lakeville ",1,"JFK / UMass"
79,3,8,1,"JFK / UMass"
79,3,16,1,"JFK / UMass"
79,3,41,1,"JFK / UMass"
80,0,"B ",4,"Sutherland Road"
80,1,"C ",5,"Dean Road"
81,0,"Red Line ",8,Porter
81,1,88,2,"Highland Ave @ Willow Ave"
81,1,89,2,"Highland Ave @ Willow Ave"
81,2,"Fitchburg Line ",8,Porter
81,3,87,10,Davis
81,3,88,10,Davis
81,3,89,10,Davis
81,3,90,10,Davis
81,3,94,10,Davis
81,3,96,10,Davis
82,0,"Red LIne ",8,"JFK / UMass"
82,1,"Greenbush/Kingston ",8,"JFK / UMass"
82,2,"Middleborough/Lakeville ",8,"JFK / UMass"
82,3,8,8,"JFK / UMass"
82,3,16,8,"JFK / UMass"
82,3,41,8,"JFK / UMass"
82,4,18,2,"Dorchster Ave @ Howes St"
83,0,"Red Line ",8,Andrew
83,1,"Fairmount Franklin ",11,Newmarket
83,2,"Greenbush Kingston ",14,"JFK / UMass"
83,3,8,14,"JFK / UMass"
83,3,41,14,"JFK / UMass"
83,3,16,14,"JFK / UMass"
83,4,"Middleborough/Lakeville ",14,"JFK / UMass"
84,0,"B ",8,"Chiswick Road"
84,1,51,2,"Chestnut Hill Ave @ Wiltshire Rd"
84,1,86,2,"Chestnut Hill Ave @ Wiltshire Rd"
85,0,57,2,"Washington St @ Oak Square Ave"
85,0,501,2,"Washington St @ Oak Square Ave"
85,1,64,6,"Faneuil St @ Brooks St"
86,0,"B ",8,"Harvard Avenue"
86,1,64,1,"Cambridge Street"
86,1,66,1,"Cambridge Street"
86,1,501,1,"Cambridge Street"
87,0,"Framingham/Worcester Line ",10,"Boston Landing"
87,1,70,5,"Western Ave @ Litchfield St"
87,1,86,5,"Western Ave @ Litchfield St"
87,2,64,10,"Market St @ Guest St"
88,0,"Red Line ",10,"JFK / UMass"
88,1,"Kingston/Greenbush ",10,"JFK / UMass"
88,2,"Middleborough/Lakeville ",10,"JFK / UMass"
88,3,8,10,"JFK / UMass"
88,3,16,10,"JFK / UMass"
88,3,41,10,"JFK / UMass"
89,0,"D E ",15,"Union Square"
89,1,80,3,"Pearl St @ McGrath Hwy"
89,2,88,3,"Highland Ave @ Walnut St"
89,2,90,3,"Highland Ave @ Walnut St"
90,0,"Framingham/Worcester Line ",10,"Boston Landing"
90,1,70,5,"Western Ave @ Litchfield St"
90,1,86,5,"Western Ave @ Litchfield St"
90,2,64,10,"Market St @ Guest St"
91,0,23,1,"Washington St @ Columbia Rd"
91,1,16,1,"Columbia Rd @ Washington St"
91,1,19,1,"Columbia Rd @ Washington St"
91,2,"Franklin/Fairmount Line ",3,"Four Corners/Geneva"
92,0,"Red Line ",8,Porter
92,1,88,2,"Highland Ave @ Willow Ave"
92,1,89,2,"Highland Ave @ Willow Ave"
92,2,"Fitchburg Line ",8,Porter
92,3,87,10,Davis
92,3,88,10,Davis
92,3,89,10,Davis
92,3,90,10,Davis
92,3,94,10,Davis
92,3,96,10,Davis
93,0,80,1,"Medford St @ Glenwood Rd"
93,1,89,5,"Broadway @ Medford St - Magoun Sq"
93,1,89/93,5,"Broadway @ Medford St - Magoun Sq"
93,2,101,10,"Main St @ Broadway"
94,0,"Red Line ",6,"JFK / UMass"
94,1,"Greenbush/Kingston ",6,"JFK / UMass"
94,2,"Fairmount/Franklin ",15,"Uphams Corner"
94,3,8,6,"JFK / UMass"
94,3,16,6,"JFK / UMass"
94,3,41,6,"JFK / UMass"
95,0,"Red Line ",8,Porter
95,1,88,2,"Highland Ave @ Willow Ave"
95,1,89,2,"Highland Ave @ Willow Ave"
95,2,"Fitchburg Line ",8,Porter
95,3,87,10,Davis
95,3,88,10,Davis
95,3,89,10,Davis
95,3,90,10,Davis
95,3,94,10,Davis
95,3,96,10,Davis
96,0,"Red Line ",8,Porter
96,1,88,2,"Highland Ave @ Willow Ave"
96,1,89,2,"Highland Ave @ Willow Ave"
96,2,"Fitchburg Line ",8,Porter
96,3,87,10,Davis
96,3,88,10,Davis
96,3,89,10,Davis
96,3,90,10,Davis
96,3,94,10,Davis
96,3,96,10,Davis
97,0,"Fairmount Line ",5,"Uphams Corner"
97,1,"Kingston Line ",15,"JFK / UMass"
97,2,"Greenbush Line ",15,"JFK / UMass"
97,3,"Red line ",15,"JFK / UMass"
97,4,16,5,"Columbia Rd @ Holden St"
97,4,17,5,"Columbia Rd @ Holden St"
97,4,41,5,"Columbia Rd @ Holden St"
98,0,"Greenbush Line Kingston Line Middleborough/Lakeville Line ",15,"JFK / UMass"
98,1,"Red Line ",15,"JFK / UMass"
98,2,8,15,"JFK / UMass"
98,2,16,15,"JFK / UMass"
98,2,41,15,"JFK / UMass"
98,2,Red,15,"JFK / UMass"
98,2,Line,15,"JFK / UMass"
98,2,Shuttle,15,"JFK / UMass"
98,3,17,3,"Columbia Rd @ Holden St"
99,0,"Red Line ",6,"JFK / UMass"
99,1,"Kingston/Greenbush ",6,"JFK / UMass"
99,2,"Middleborough/Lakeville ",6,"JFK / UMass"
99,3,8,2,"Columbia Rd @ Buttonwood St"
99,3,41,2,"Columbia Rd @ Buttonwood St"
100,0,"Greenbush Line Kingston Line Middleborough/Lakeville Line ",15,"JFK / UMass"
100,1,"Red Line ",15,"JFK / UMass"
100,2,8,15,"JFK / UMass"
100,2,16,15,"JFK / UMass"
100,2,41,15,"JFK / UMass"
100,2,Red,15,"JFK / UMass"
100,2,Line,15,"JFK / UMass"
100,2,Shuttle,15,"JFK / UMass"
100,3,17,3,"Columbia Rd @ Holden St"
101,0,"Red Line ",8,Porter
101,1,88,2,"Highland Ave @ Willow Ave"
101,1,89,2,"Highland Ave @ Willow Ave"
101,2,"Fitchburg Line ",8,Porter
101,3,87,10,Davis
101,3,88,10,Davis
101,3,89,10,Davis
101,3,90,10,Davis
101,3,94,10,Davis
101,3,96,10,Davis
102,0,"B ",8,"Harvard Avenue"
102,1,64,1,"Cambridge Street"
102,1,66,1,"Cambridge Street"
102,1,501,1,"Cambridge Street"
103,0,"Red Line ",10,"JFK / UMass"
103,1,"Kingston/Greenbush ",10,"JFK / UMass"
103,2,"Middleborough/Lakeville ",10,"JFK / UMass"
103,3,8,10,"JFK / UMass"
103,3,16,10,"JFK / UMass"
103,3,41,10,"JFK / UMass"
104,0,"Red Line ",8,Porter
104,1,88,2,"Highland Ave @ Willow Ave"
104,1,89,2,"Highland Ave @ Willow Ave"
104,2,"Fitchburg Line ",8,Porter
104,3,87,10,Davis
104,3,88,10,Davis
104,3,89,10,Davis
104,3,90,10,Davis
104,3,94,10,Davis
104,3,96,10,Davis
105,0,"Fairmount Line ",5,"Uphams Corner"
105,1,"Kingston Line ",15,"JFK / UMass"
105,2,"Greenbush Line ",15,"JFK / UMass"
105,3,"Red line ",15,"JFK / UMass"
105,4,16,5,"Columbia Rd @ Holden St"
105,4,17,5,"Columbia Rd @ Holden St"
105,4,41,5,"Columbia Rd @ Holden St"
106,0,18,3,"Dorchester Ave Romsey St"
107,0,"B ",5,"Washington St"
107,1,"C ",7,"Dean Road"
107,2,"D ",12,Beaconsfield
108,0,"Red Line ",6,"JFK / UMass"
108,1,"Greenbush Line Kingston Line ",6,"JFK / UMass"
108,2,"Fairmount Line Franklin Line ",15,"Uphams Corner"
108,3,8,6,"JFK / UMass"
108,3,16,6,"JFK / UMass"
108,3,41,6,"JFK / UMass"
109,0,"Red Line ",6,"JFK / UMass"
109,1,"Greenbush Line Kingston Line ",6,"JFK / UMass"
109,2,"Fairmount Line Franklin Line ",15,"Uphams Corner"
109,3,8,6,"JFK / UMass"
109,3,16,6,"JFK / UMass"
109,3,41,6,"JFK / UMass"
110,0,80,2,"Pearl St and McGrath Hwy"
110,1,90,4,"Cross St and Auburn Ave"
111,0,"Orange Line ",8,"Stony Brook"
111,1,42,1,"Washington St @ School St"
111,2,22,2,"Columbus Ave @ Weld Ave"
111,2,29,2,"Columbus Ave @ Weld Ave"
111,2,44,2,"Columbus Ave @ Weld Ave"
112,0,"Red line ",1,"JFK / UMass"
112,1,"Greenbush/Kingston ",1,"JFK / UMass"
112,2,"Middleborough/Lakeville ",1,"JFK / UMass"
112,3,8,1,"JFK / UMass"
112,3,16,1,"JFK / UMass"
112,3,41,1,"JFK / UMass"
113,0,"Fairmount Line ",5,"Uphams Corner"
113,1,"Kingston Line ",15,"JFK / UMass"
113,2,"Greenbush Line ",15,"JFK / UMass"
113,3,"Red line ",15,"JFK / UMass"
113,4,16,5,"Columbia Rd @ Holden St"
113,4,17,5,"Columbia Rd @ Holden St"
113,4,41,5,"Columbia Rd @ Holden St"
114,0,"Red Line ",6,"JFK / UMass"
114,1,"Middleborough/Lakeville Line ",6,"JFK / UMass"
114,2,"Greenbush Line ",6,"JFK / UMass"
114,3,"Kingston Line ",6,"JFK / UMass"
114,4,18,2,"Dorchester Ave @ Edison Green"
115,0,"Greenbush Line Kingston Line Middleborough/Lakeville Line ",11,"JFK / UMass"
115,1,"Red Line ",11,"JFK / UMass"
115,2,8,11,"JFK / UMass"
115,2,16,11,"JFK / UMass"
115,2,41,11,"JFK / UMass"
116,0,"Greenbush Line Kingston Line Middleborough/Lakeville Line ",15,"JFK / UMass"
116,1,"Red Line ",15,"JFK / UMass"
116,2,8,15,"JFK / UMass"
116,2,16,15,"JFK / UMass"
116,2,41,15,"JFK / UMass"
116,2,Red,15,"JFK / UMass"
116,2,Line,15,"JFK / UMass"
116,2,Shuttle,15,"JFK / UMass"
117,0,"B ",5,"Griggs Street"
117,1,57,5,"Brighton Ave @ Allston St"
117,1,66,5,"Brighton Ave @ Allston St"
117,2,"Green Line B Shuttle ",5,"Griggs Street"
118,0,80,2,"Pearl St and McGrath Hwy"
118,1,90,4,"Cross St and Auburn Ave"
119,0,"Red Line ",6,"JFK / UMass"
119,1,"Greenbush/Kingston ",6,"JFK / UMass"
119,2,"Middleborough/Lakeville ",6,"JFK / UMass"
119,3,18,2,"Dorchester Ave @ Edison Green"
120,0,22,4,"Columbus Ave @ Walnut Ave"
120,0,29,4,"Columbus Ave @ Walnut Ave"
120,0,44,4,"Columbus Ave @ Walnut Ave"
121,0,"Greenbush Line Kingston Line Middleborough/Lakeville Line ",11,"JFK / UMass"
121,1,"Red Line ",11,"JFK / UMass"
121,2,8,11,"JFK / UMass"
121,2,16,11,"JFK / UMass"
121,2,41,11,"JFK / UMass"
122,0,"Blue Line ",15,Airport
122,1,114,5,"Meridian St @ Eutaw St"
122,1,116,5,"Meridian St @ Eutaw St"
122,1,117,5,"Meridian St @ Eutaw St"
123,0,"Red Line ",6,JFK/UMass
123,1,"Greenbush Line Kingston Line ",6,JFK/UMass
123,2,"Fairmount Line Franklin/Foxboro Line ",15,Newmarket
123,3,8,6,JFK/UMass
123,3,16,6,JFK/UMass
123,3,41,6,JFK/UMass
124,0,"Red Line ",7,"JFK / UMass"
124,1,"Greenbush/Kingston ",7,"JFK / UMass"
124,2,"Middleborough/Lakeville ",7,"JFK / UMass"
124,3,18,2,"Dorchester Ave @ Mayfield St"
124,4,8,7,"JFK / UMass"
124,4,16,7,"JFK / UMass"
124,4,41,7,"JFK / UMass"
125,0,"Red Line ",6,"JFK / UMass"
125,1,"Greenbush/Kingston ",6,"JFK / UMass"
125,2,8,6,"JFK / UMass"
125,2,16,6,"JFK / UMass"
125,2,41,6,"JFK / UMass"
125,3,"Fairmount/Franklin ",15,"Uphams Corner"
125,4,17,7,"Boston St @ Mayhew St"
125,4,18,7,"Boston St @ Mayhew St"
126,0,64,4,"Brooks St @ Faneuil St"
126,1,57,9,"Washington St @ Oak Square Ave"
126,1,501,9,"Washington St @ Oak Square Ave"
126,2,86,14,"Market St @ Keenan Rd"
127,0,"Framingham/Worcester Line ",10,"Boston Landing"
127,1,70,5,"Western Ave @ Litchfield St"
127,1,86,5,"Western Ave @ Litchfield St"
127,2,64,10,"Market St @ Guest St"
128,0,"D E ",15,"Union Square"
128,1,80,3,"Pearl St @ McGrath Hwy"
128,2,88,3,"Highland Ave @ Walnut St"
128,2,90,3,"Highland Ave @ Walnut St"
129,0,"Red ",7,"JFK / UMas"
129,1,"Greenbush Line Kingston Line ",7,"JFK / UMas"
129,2,"Middleborough/Lakeville ",7,"JFK / UMas"
130,0,"B ",14,"Warren Street"
130,1,51,5,"Market St @ Keenan Rd"
130,1,57,5,"Market St @ Keenan Rd"
130,1,66,5,"Market St @ Keenan Rd"
130,2,86,6,"Cambridge St @ Dustin St"
131,0,"Greenbush Line Kingston Line Middleborough/Lakeville Line ",11,"JFK / UMass"
131,1,"Red Line ",11,"JFK / UMass"
131,2,8,11,"JFK / UMass"
131,2,16,11,"JFK / UMass"
131,2,41,11,"JFK / UMass"
132,0,"Blue Line ",15,Airport
132,1,114,5,"Meridian St @ Eutaw St"
132,1,116,5,"Meridian St @ Eutaw St"
132,1,117,5,"Meridian St @ Eutaw St"
133,0,"Fairmount Line ",5,"Uphams Corner"
133,1,"Kingston Line ",15,"JFK / UMass"
133,2,"Greenbush Line ",15,"JFK / UMass"
133,3,"Red line ",15,"JFK / UMass"
133,4,16,5,"Columbia Rd @ Holden St"
133,4,17,5,"Columbia Rd @ Holden St"
133,4,41,5,"Columbia Rd @ Holden St"
134,0,"Blue Line ",15,Airport
134,1,114,5,"Meridian St @ Eutaw St"
134,1,116,5,"Meridian St @ Eutaw St"
134,1,117,5,"Meridian St @ Eutaw St"
135,0,15,3,"Bowdoin St @ Norton St"
135,0,17,3,"Bowdoin St @ Norton St"
135,1,"Fairmount Line Franklin Line ",9,"Four Corners/Geneva"
136,0,"Greenbush Line Kingston Line Middleborough/Lakeville Line ",15,"JFK / UMass"
136,1,"Red Line ",15,"JFK / UMass"
136,2,8,15,"JFK / UMass"
136,2,16,15,"JFK / UMass"
136,2,41,15,"JFK / UMass"
136,2,Red,15,"JFK / UMass"
136,2,Line,15,"JFK / UMass"
136,2,Shuttle,15,"JFK / UMass"
137,0,"B ",14,"Warren Street"
137,1,51,5,"Market St @ Keenan Rd"
137,1,57,5,"Market St @ Keenan Rd"
137,1,66,5,"Market St @ Keenan Rd"
137,2,86,6,"Cambridge St @ Dustin St"
138,0,16,3,"Columbia Rd @ Holden St"
138,0,17,3,"Columbia Rd @ Holden St"
138,0,41,3,"Columbia Rd @ Holden St"
138,1,8,4,"Massachusetts Ave @ Columbia Rd"
139,0,"Orange line ",9,"Stony Brook"
139,1,22,2,"Columbus Ave @ Weld Ave"
139,1,29,2,"Columbus Ave @ Weld Ave"
139,1,44,2,"Columbus Ave @ Weld Ave"
139,2,14,14,"Jackson Square"
139,2,41,14,"Jackson Square"
140,0,80,2,"Pearl St and McGrath Hwy"
140,1,90,4,"Cross St and Auburn Ave"
141,0,"Greeenbush/Kingston ",8,JFK/UMass
141,1,"Red Line ",8,JFK/UMass
141,2,"Middleborough/Lakeville ",8,JFK/UMass
141,3,8,8,JFK/UMass
141,3,16,8,JFK/UMass
141,3,41,8,JFK/UMass
142,0,"Greenbush Line Kingston Line Middleborough/Lakeville Line ",15,"JFK / UMass"
142,1,"Red Line ",15,"JFK / UMass"
142,2,8,15,"JFK / UMass"
142,2,16,15,"JFK / UMass"
142,2,41,15,"JFK / UMass"
142,2,Red,15,"JFK / UMass"
142,2,Line,15,"JFK / UMass"
142,2,Shuttle,15,"JFK / UMass"
142,3,17,3,"Columbia Rd @ Holden St"
143,0,"Red ",8,"JFK / UMass"
143,1,"Greenbush Kingston ",8,"JFK / UMass"
143,2,"Middleborough/Lakeville ",8,"JFK / UMass"
144,0,44,4,"Walnut Ave @ Humboldt Ave"
144,1,10,6,"Warren St opp Woodbine St"
144,1,14,6,"Warren St opp Woodbine St"
144,1,19,6,"Warren St opp Woodbine St"
144,1,23,6,"Warren St opp Woodbine St"
144,1,28,6,"Warren St opp Woodbine St"
144,2,32,7,"Humboldt Ave @ Townsend St"
144,2,34,7,"Humboldt Ave @ Townsend St"
144,2,36,7,"Humboldt Ave @ Townsend St"
144,2,38,7,"Humboldt Ave @ Townsend St"
145,0,"Greenbush Line Kingston Line Middleborough/Lakeville Line ",15,"JFK / UMass"
145,1,"Red Line ",15,"JFK / UMass"
145,2,8,15,"JFK / UMass"
145,2,16,15,"JFK / UMass"
145,2,41,15,"JFK / UMass"
145,2,Red,15,"JFK / UMass"
145,2,Line,15,"JFK / UMass"
145,2,Shuttle,15,"JFK / UMass"
145,3,17,3,"Columbia Rd @ Holden St"
146,0,"Greenbush Line Kingston Line Middleborough/Lakeville Line ",15,"JFK / UMass"
146,1,"Red Line ",15,"JFK / UMass"
146,2,8,15,"JFK / UMass"
146,2,16,15,"JFK / UMass"
146,2,41,15,"JFK / UMass"
146,2,Red,15,"JFK / UMass"
146,2,Line,15,"JFK / UMass"
146,2,Shuttle,15,"JFK / UMass"
147,0,"Red line ",11,"Savin Hill"
147,1,15,2,"Bowdoin St @ Winter St"
147,1,17,2,"Bowdoin St @ Winter St"
147,2,18,7,"Dorchester Ave @ Dewar St"
148,0,"E ",6,"Fenwood Road"
148,1,"Orange Line ",11,"Roxbury Crossing"
148,2,"Franklin/Foxboro/Needham ",15,Ruggles
148,3,"Providence/Stoughton Line ",15,Ruggles
148,4,"D ",15,"Brookline Village"
149,0,"D E ",11,"Union Square"
149,1,"Orange Line ",15,"Sullivan Square"
149,2,95,15,"Sullivan Square"
149,2,101,15,"Sullivan Square"
149,2,104,15,"Sullivan Square"
149,2,105,15,"Sullivan Square"
149,2,109,15,"Sullivan Square"
150,0,"D E ",11,"Union Square"
150,1,"Orange Line ",15,"Sullivan Square"
150,2,95,15,"Sullivan Square"
150,2,101,15,"Sullivan Square"
150,2,104,15,"Sullivan Square"
150,2,105,15,"Sullivan Square"
150,2,109,15,"Sullivan Square"
151,0,"Greenbush Line Kingston Line Middleborough/Lakeville Line ",15,"JFK / UMass"
151,1,"Red Line ",15,"JFK / UMass"
151,2,8,15,"JFK / UMass"
151,2,16,15,"JFK / UMass"
151,2,41,15,"JFK / UMass"
151,2,Red,15,"JFK / UMass"
151,2,Line,15,"JFK / UMass"
151,2,Shuttle,15,"JFK / UMass"
152,0,"Red line ",11,"Savin Hill"
152,1,15,2,"Bowdoin St @ Winter St"
152,1,17,2,"Bowdoin St @ Winter St"
152,2,18,7,"Dorchester Ave @ Dewar St"
153,0,"Orange Line ",11,"Roxbury Crossing"
153,1,42,4,"Washington St @ Guild St"
153,2,14,6,"42A John Eliot Sq"
153,2,41,6,"42A John Eliot Sq"
153,2,45,6,"42A John Eliot Sq"
154,0,"Greenbush Line Kingston Line Middleborough/Lakeville Line ",15,"JFK / UMass"
154,1,"Red Line ",15,"JFK / UMass"
154,2,8,15,"JFK / UMass"
154,2,16,15,"JFK / UMass"
154,2,41,15,"JFK / UMass"
154,2,Red,15,"JFK / UMass"
154,2,Line,15,"JFK / UMass"
154,2,Shuttle,15,"JFK / UMass"
155,0,80,2,"Pearl St and McGrath Hwy"
155,1,90,4,"Cross St and Auburn Ave"
156,0,"Greenbush Line Kingston Line Middleborough/Lakeville Line ",15,"JFK / UMass"
156,1,"Red Line ",15,"JFK / UMass"
156,2,8,15,"JFK / UMass"
156,2,16,15,"JFK / UMass"
156,2,41,15,"JFK / UMass"
156,2,Red,15,"JFK / UMass"
156,2,Line,15,"JFK / UMass"
156,2,Shuttle,15,"JFK / UMass"
156,3,17,3,"Columbia Rd @ Holden St"
157,0,"B ",2,"Sutherland Road"
157,1,"Green Line B Shuttle ",1,"Sutherland Road"
158,0,"B ",8,"Harvard Avenue"
158,1,64,1,"Cambridge Street"
158,1,66,1,"Cambridge Street"
158,1,501,1,"Cambridge Street"
159,0,"Red Line ",12,"JFK / UMass"
159,1,"Kingston/Greenbush ",12,"JFK / UMass"
159,2,"Middleborough/Lakeville ",12,"JFK / UMass"
159,3,8,2,"Massachusetts Ave @ Columbia Rd"
159,3,16,2,"Massachusetts Ave @ Columbia Rd"
159,4,17,3,"Columbia Rd @ Massachusetts Ave"
159,4,41,3,"Columbia Rd @ Massachusetts Ave"
159,5,"Fairmount/Franklin ",10,"Uphams Corner"
160,0,"Greenbush Line Kingston Line Middleborough/Lakeville Line ",15,"JFK / UMass"
160,1,"Red Line ",15,"JFK / UMass"
160,2,8,15,"JFK / UMass"
160,2,16,15,"JFK / UMass"
160,2,41,15,"JFK / UMass"
160,2,Red,15,"JFK / UMass"
160,2,Line,15,"JFK / UMass"
160,2,Shuttle,15,"JFK / UMass"
160,3,17,3,"Columbia Rd @ Holden St"
161,0,"Orange line ",15,Assembly
161,1,95,5,"Mystic Ave @ Temple Rd"
162,0,"D E ",11,"Union Square"
162,1,"Orange Line ",15,"Sullivan Square"
162,2,95,15,"Sullivan Square"
162,2,101,15,"Sullivan Square"
162,2,104,15,"Sullivan Square"
162,2,105,15,"Sullivan Square"
162,2,109,15,"Sullivan Square"
163,0,16,3,"Columbia Rd @ Holden St"
163,0,17,3,"Columbia Rd @ Holden St"
163,0,41,3,"Columbia Rd @ Holden St"
163,1,8,4,"Massachusetts Ave @ Columbia Rd"
164,0,15,2,"Bowdoin St @ Winter St"
164,0,17,2,"Bowdoin St @ Winter St"
164,1,18,5,"Dorchester Ave @ Dewar St"
164,2,"Red line ",11,"Savin Hill"
165,0,"Greenbush Kingston ",10,"JFK / UMass"
165,1,"Middleborough/Lakeville ",10,"JFK / UMass"
165,2,"Red Line ",10,"JFK / UMass"
165,3,8,10,"JFK / UMass"
165,3,16,10,"JFK / UMass"
165,3,41,10,"JFK / UMass"
166,0,"B ",2,"Washington Street"
166,1,65,1,"Washington St opp Euston Rd"
167,0,"Blue Line ",15,Airport
167,1,114,5,"Meridian St @ Eutaw St"
167,1,116,5,"Meridian St @ Eutaw St"
167,1,117,5,"Meridian St @ Eutaw St"
168,0,"Red Line ",3,"JFK / UMass"
168,1,"Greenbush/Kingston ",3,"JFK / UMass"
168,2,"Lakeville Line ",3,"JFK / UMass"
169,0,"B ",14,"Warren Street"
169,1,51,5,"Market St @ Keenan Rd"
169,1,57,5,"Market St @ Keenan Rd"
169,1,66,5,"Market St @ Keenan Rd"
169,2,86,6,"Cambridge St @ Dustin St"
170,0,"Greeenbush Line/Kingston Line ",8,JFK/UMass
170,1,"Red Line ",8,JFK/UMass
170,2,8,8,JFK/UMass
170,2,16,8,JFK/UMass
170,2,41,8,JFK/UMass
170,3,"Middleborough/Lakeville Line ",8,JFK/UMass
171,0,"B ",2,"Chiswick Road"
171,1,"C ",10,"Cleveland Circle"
171,2,"D ",12,Reservoir
171,3,"Green Line ",12,Reservoir
171,4,51,3,"Chestnut Hill Ave @ Embassy Rd"
171,4,86,3,"Chestnut Hill Ave @ Embassy Rd"
172,0,"Red Line ",8,Andrew
172,1,"Fairmount Line Franklin Line ",11,Newmarket
172,2,"Greenbush Kingston Middleborough/Lakeville ",14,"JFK / UMass"
172,3,8,14,"JFK / UMass"
172,3,41,14,"JFK / UMass"
172,3,16,14,"JFK / UMass"
173,0,"Orange Line ",8,"Roxbury Crossing"
173,1,"E ",9,"Brigham Circle"
173,2,14,13,"Jackson Square"
173,2,22,13,"Jackson Square"
173,2,29,13,"Jackson Square"
173,2,41,13,"Jackson Square"
173,2,44,13,"Jackson Square"
174,0,"Framingham ",11,"Boston Landing"
174,1,"Worcester ",11,"Boston Landing"
174,2,64,6,"Cambridge Street"
174,2,66,6,"Cambridge Street"
174,2,501,6,"Cambridge Street"
174,3,70,11,"Western Ave @ Everett St"
174,3,86,11,"Western Ave @ Everett St"
175,0,"Orange Line ",11,"Roxbury Crossing"
175,1,14,3,"Centre St @ Cedar St"
175,1,41,3,"Centre St @ Cedar St"
175,2,22,11,"Jackson Square"
175,2,29,11,"Jackson Square"
175,2,44,11,"Jackson Square"
176,0,"Framingham ",11,"Boston Landing"
176,1,"Worcester ",11,"Boston Landing"
176,2,64,6,"Cambridge Street"
176,2,66,6,"Cambridge Street"
176,2,501,6,"Cambridge Street"
176,3,70,11,"Western Ave @ Everett St"
176,3,86,11,"Western Ave @ Everett St"
177,0,89,2,"Washington St @ Boston St"
177,0,91,2,"Washington St @ Boston St"
177,1,87,3,"Somerville Ave @ Linden St"
177,2,86,3,"Washington St @ McGrath Hwy"
177,2,CT2,3,"Washington St @ McGrath Hwy"
178,0,"Red Line ",6,"JFK / UMass"
178,1,"Greenbush/Kingston ",6,"JFK / UMass"
178,2,"Fairmount/Franklin ",15,"Uphams Corner"
178,3,8,6,"JFK / UMass"
178,3,16,6,"JFK / UMass"
178,3,41,6,"JFK / UMass"
179,0,"Red Line ",6,"JFK / UMass"
179,1,"Greenbush/Kingston ",6,"JFK / UMass"
179,2,8,6,"JFK / UMass"
179,2,16,6,"JFK / UMass"
179,2,41,6,"JFK / UMass"
179,3,"Fairmount/Franklin ",15,"Uphams Corner"
179,4,17,7,"Boston St @ Mayhew St"
179,4,18,7,"Boston St @ Mayhew St"
180,0,"B ",4,"Sutherland Road"
180,1,"C ",5,"Dean Road"
181,0,"Orange Line ",8,"Roxbury Crossing"
181,1,"E ",9,"Brigham Circle"
181,2,14,13,"Jackson Square"
181,2,22,13,"Jackson Square"
181,2,29,13,"Jackson Square"
181,2,41,13,"Jackson Square"
181,2,44,13,"Jackson Square"
182,0,"Orange Line ",11,Ruggles
182,1,"E ",12,Symphony
182,2,"Franklin/Needham ",11,Ruggles
182,3,"PROVIDENCE/STOUGHTON ",11,Ruggles
183,0,"B ",8,"Harvard Avenue"
183,1,"Framingham ",13,"Boston Landing"
184,0,"Red Line ",10,"JFK / UMass"
184,1,"Kingston/Greenbush ",10,"JFK / UMass"
184,2,"Middleborough/Lakeville ",10,"JFK / UMass"
184,3,8,10,"JFK / UMass"
184,3,16,10,"JFK / UMass"
184,3,41,10,"JFK / UMass"
185,0,"B ",5,"Chiswick Road"
185,1,51,4,"Chestnut Hill Ave @ Wallingford Rd"
185,1,86,4,"Chestnut Hill Ave @ Wallingford Rd"
186,0,"B ",10,"Allston Street"
186,1,"Framingham/Worcester ",5,"Boston Landing"
186,2,64,1,"N Beacon St opp Saunders St"
186,3,51,3,"Cambridge St @ Saunders St"
186,3,57,3,"Cambridge St @ Saunders St"
186,3,66,3,"Cambridge St @ Saunders St"
187,0,101,1,"Main St @ Moreland St"
187,1,89,7,"Broadway @ Bartlett St"
187,1,89/93,7,"Broadway @ Bartlett St"
187,2,95,7,"Mystic Ave @ Mystic Apartments"
188,0,"Orange Line ",11,"Roxbury Crossing"
188,1,42,4,"Washington St @ Guild St"
188,2,14,6,"42A John Eliot Sq"
188,2,41,6,"42A John Eliot Sq"
188,2,45,6,"42A John Eliot Sq"
189,0,"E ",5,"Fenwood Road"
189,1,"Orange Line ",10,"Roxbury Crossing"
189,2,35,4,"Huntington Ave opp Fenwood Rd"
189,2,39,4,"Huntington Ave opp Fenwood Rd"
189,2,66,4,"Huntington Ave opp Fenwood Rd"
190,0,"Orange Line ",10,"Massachusetts Ave"
190,1,"Needham/Franklin ",11,Ruggles
190,2,"E ",12,Symphony
190,3,43,1,"Tremont St @ Hammond St"
190,4,"Providence/Stoughton ",11,Ruggles
191,0,"B ",5,"Chiswick Road"
191,1,51,4,"Chestnut Hill Ave @ Wallingford Rd"
191,1,86,4,"Chestnut Hill Ave @ Wallingford Rd"
192,0,"B ",2,"Chiswick Road"
192,1,"C ",10,"Cleveland Circle"
192,2,"D ",12,Reservoir
192,3,"Green Line ",12,Reservoir
192,4,51,3,"Chestnut Hill Ave @ Embassy Rd"
192,4,86,3,"Chestnut Hill Ave @ Embassy Rd"
193,0,"Red Line ",9,Andrew
193,1,"Fairmount Line ",12,Newmarket
193,2,"Franklin/Foxboro Line ",12,Newmarket
193,3,"Kingston Line ",13,"JFK / UMass"
193,4,8,13,"JFK / UMass"
193,4,16,13,"JFK / UMass"
193,4,41,13,"JFK / UMass"
194,0,"Red Line ",6,"JFK / UMass"
194,1,"Greenbush/Kingston ",6,"JFK / UMass"
194,2,"Middleborough/Lakeville ",6,"JFK / UMass"
194,3,18,2,"Dorchester Ave @ Edison Green"
195,0,"Red Line ",8,Andrew
195,1,"Fairmount Line Franklin Line ",11,Newmarket
195,2,"Greenbush Kingston Middleborough/Lakeville ",14,"JFK / UMass"
195,3,8,14,"JFK / UMass"
195,3,41,14,"JFK / UMass"
195,3,16,14,"JFK / UMass"
196,0,"B ",8,"Harvard Avenue"
196,1,"Framingham ",13,"Boston Landing"
197,0,89,2,"Washington St @ Boston St"
197,0,91,2,"Washington St @ Boston St"
197,1,87,3,"Somerville Ave @ Linden St"
197,2,86,3,"Washington St @ McGrath Hwy"
197,2,CT2,3,"Washington St @ McGrath Hwy"
197,3,"D E ",7,"Union Square"
198,0,"Red Line ",6,Central
198,1,68,2,"Broadway @ Inman St"
198,2,64,1,"Prospect St @ Harvard St"
198,2,83,1,"Prospect St @ Harvard St"
198,2,91,1,"Prospect St @ Harvard St"
199,0,57,5,"Tremont St @ Washington St"
199,0,501,5,"Tremont St @ Washington St"
199,1,64,5,"Faneuil St @ Bigelow St"
200,0,"Red Line ",6,Central
200,1,68,2,"Broadway @ Inman St"
200,2,64,1,"Prospect St @ Harvard St"
200,2,83,1,"Prospect St @ Harvard St"
200,2,91,1,"Prospect St @ Harvard St"
201,0,89,2,"Washington St @ Boston St"
201,0,91,2,"Washington St @ Boston St"
201,1,87,3,"Somerville Ave @ Linden St"
201,2,86,3,"Washington St @ McGrath Hwy"
201,2,CT2,3,"Washington St @ McGrath Hwy"
201,3,"D E ",7,"Union Square"
202,0,89,2,"Washington St @ Boston St"
202,0,91,2,"Washington St @ Boston St"
202,1,87,3,"Somerville Ave @ Linden St"
202,2,86,3,"Washington St @ McGrath Hwy"
202,2,CT2,3,"Washington St @ McGrath Hwy"
203,0,"Fairmount Line Franklin Line ",9,"Uphams Corner"
203,1,"Kingston Line Greenbush Line Middleborough/Lakeville Line ",12,"JFK / UMass"
203,2,"Red Line ",12,"JFK / UMass"
203,3,8,12,"JFK / UMass"
203,3,,12,"JFK / UMass"
203,3,16,12,"JFK / UMass"
203,3,41,12,"JFK / UMass"
203,3,Red,12,"JFK / UMass"
203,3,Line,12,"JFK / UMass"
203,3,Shuttle,12,"JFK / UMass"
204,0,57,5,"Tremont St @ Washington St"
204,0,501,5,"Tremont St @ Washington St"
204,1,64,5,"Faneuil St @ Bigelow St"
205,0,"Red Line ",6,"JFK / UMass"
205,1,"Greenbush/Kingston ",6,"JFK / UMass"
205,2,8,6,"JFK / UMass"
205,2,16,6,"JFK / UMass"
205,2,41,6,"JFK / UMass"
205,3,"Fairmount/Franklin ",15,"Uphams Corner"
205,4,17,7,"Boston St @ Mayhew St"
205,4,18,7,"Boston St @ Mayhew St"
206,0,"B ",1,"Harvard Avenue"
206,1,57,2,"Brighton Ave @ Harvard Ave"
207,0,"B ",8,"Harvard Avenue"
207,1,"Framingham/Worcester Line ",12,"Boston Landing"
208,0,"Red Line ",8,Andrew
208,1,"Fairmount Line Franklin Line ",11,Newmarket
208,2,"Greenbush Kingston Middleborough/Lakeville ",14,"JFK / UMass"
208,3,8,14,"JFK / UMass"
208,3,41,14,"JFK / UMass"
208,3,16,14,"JFK / UMass"
209,0,"Red Line ",8,Andrew
209,1,"Fairmount Line Franklin Line ",11,Newmarket
209,2,"Greenbush Kingston Middleborough/Lakeville ",14,"JFK / UMass"
209,3,8,14,"JFK / UMass"
209,3,41,14,"JFK / UMass"
209,3,16,14,"JFK / UMass"
210,0,"B ",5,"Washington Street"
210,1,"C ",6,"Tappan Street"
210,2,"D ",10,Beaconsfield
210,3,65,1,"Washington St @ Corey Rd"
211,0,44,4,"Walnut Ave @ Humboldt Ave"
211,1,10,6,"Warren St opp Woodbine St"
211,1,14,6,"Warren St opp Woodbine St"
211,1,19,6,"Warren St opp Woodbine St"
211,1,23,6,"Warren St opp Woodbine St"
211,1,28,6,"Warren St opp Woodbine St"
211,2,32,7,"Humboldt Ave @ Townsend St"
211,2,34,7,"Humboldt Ave @ Townsend St"
211,2,36,7,"Humboldt Ave @ Townsend St"
211,2,38,7,"Humboldt Ave @ Townsend St"
212,0,22,4,"Columbus Ave @ Walnut Ave"
212,0,29,4,"Columbus Ave @ Walnut Ave"
212,0,44,4,"Columbus Ave @ Walnut Ave"
213,0,"Red Line ",6,"JFK / UMass"
213,1,"Kingston/Greenbush ",6,"JFK / UMass"
213,2,"Middleborough/Lakeville ",6,"JFK / UMass"
214,0,"B ",8,"Harvard Avenue"
214,1,"Framingham ",13,"Boston Landing"
215,0,"Framingham ",16,"Boston Landing"
215,1,"B ",16,"Harvard Avenue"
216,0,"Framingham/Worcester ",13,"Boston Landing"
216,1,"B ",15,"Harvard Avenue"
216,2,66,4,"N Harvard St @ Coolidge Rd"
216,3,64,7,"Cambridge St @ Lincoln St"
217,0,"Greenbush Kingston ",10,"JFK / UMass"
217,1,"Middleborough/Lakeville ",10,"JFK / UMass"
217,2,"Red Line ",10,"JFK / UMass"
217,3,8,10,"JFK / UMass"
217,3,16,10,"JFK / UMass"
217,3,41,10,"JFK / UMass"
218,0,"Red Line ",10,"JFK / UMass"
218,1,"Kingston/Greenbush ",10,"JFK / UMass"
218,2,"Middleborough/Lakeville ",10,"JFK / UMass"
218,3,8,10,"JFK / UMass"
218,3,16,10,"JFK / UMass"
218,3,41,10,"JFK / UMass"
219,0,89,2,"Washington St @ Boston St"
219,0,91,2,"Washington St @ Boston St"
219,1,87,3,"Somerville Ave @ Linden St"
219,2,86,3,"Washington St @ McGrath Hwy"
219,2,CT2,3,"Washington St @ McGrath Hwy"
220,0,"B ",16,"Boston College"
221,0,"Orange line ",9,"Stony Brook"
221,1,22,2,"Columbus Ave @ Weld Ave"
221,1,29,2,"Columbus Ave @ Weld Ave"
221,1,44,2,"Columbus Ave @ Weld Ave"
221,2,14,14,"Jackson Square"
221,2,41,14,"Jackson Square"
222,0,"Fairmount Line Franklin Line ",9,"Uphams Corner"
222,1,"Kingston Line Greenbush Line Middleborough/Lakeville Line ",12,"JFK / UMass"
222,2,"Red Line ",12,"JFK / UMass"
222,3,8,12,"JFK / UMass"
222,3,,12,"JFK / UMass"
222,3,16,12,"JFK / UMass"
222,3,41,12,"JFK / UMass"
222,3,Red,12,"JFK / UMass"
222,3,Line,12,"JFK / UMass"
222,3,Shuttle,12,"JFK / UMass"
223,0,"Framingham ",11,"Boston Landing"
223,1,"Worcester ",11,"Boston Landing"
223,2,64,6,"Cambridge Street"
223,2,66,6,"Cambridge Street"
223,2,501,6,"Cambridge Street"
223,3,70,11,"Western Ave @ Everett St"
223,3,86,11,"Western Ave @ Everett St"
224,0,"Red Line ",8,Andrew
224,1,"Fairmount Line Franklin Line ",11,Newmarket
224,2,"Greenbush Kingston Middleborough/Lakeville ",14,"JFK / UMass"
224,3,8,14,"JFK / UMass"
224,3,41,14,"JFK / UMass"
224,3,16,14,"JFK / UMass"
225,0,"Red Line ",8,Andrew
225,1,"Fairmount Line Franklin Line ",11,Newmarket
225,2,"Greenbush Kingston Middleborough/Lakeville ",14,"JFK / UMass"
225,3,8,14,"JFK / UMass"
225,3,41,14,"JFK / UMass"
225,3,16,14,"JFK / UMass"
226,0,"E ",6,"Fenwood Road"
226,1,"Orange Line ",11,"Roxbury Crossing"
226,2,"Franklin/Foxboro/Needham ",15,Ruggles
226,3,"Providence/Stoughton Line ",15,Ruggles
226,4,"D ",15,"Brookline Village"
227,0,15,3,"Dudley St @ Hampden St"
227,0,41,3,"Dudley St @ Hampden St"
227,0,45,3,"Dudley St @ Hampden St"
227,1,"Franklin Line ",15,Newmarket
228,0,"B ",4,"Sutherland Road"
228,1,"C ",5,"Dean Road"
229,0,"B ",16,"Boston College"
230,0,"B ",1,"Allston Street"
231,0,"Red Line ",2,"JFK / UMass"
231,1,"Kingston Line ",2,"JFK / UMass"
231,2,"Middleborough/Lakeville Line ",2,"JFK / UMass"
231,3,"Greenbush Line ",2,"JFK / UMass"
231,4,8,3,"JFK / UMass"
231,4,16,3,"JFK / UMass"
231,4,41,3,"JFK / UMass"
232,0,"B ",8,"Harvard Avenue"
232,1,64,1,"Cambridge Street"
232,1,66,1,"Cambridge Street"
232,1,501,1,"Cambridge Street"
233,0,"E ",5,"Fenwood Road"
233,1,"Orange Line ",9,"Roxbury Crossing"
233,2,35,5,"Huntington Ave opp Fenwood Rd"
233,2,39,5,"Huntington Ave opp Fenwood Rd"
233,2,66,5,"Huntington Ave opp Fenwood Rd"
233,3,22,11,"Columbus Ave @ New Cedar St"
233,3,29,11,"Columbus Ave @ New Cedar St"
234,0,"Fairmount Line Franklin Line ",9,"Uphams Corner"
234,1,"Kingston Line Greenbush Line Middleborough/Lakeville Line ",12,"JFK / UMass"
234,2,"Red Line ",12,"JFK / UMass"
234,3,8,12,"JFK / UMass"
234,3,,12,"JFK / UMass"
234,3,16,12,"JFK / UMass"
234,3,41,12,"JFK / UMass"
234,3,Red,12,"JFK / UMass"
234,3,Line,12,"JFK / UMass"
234,3,Shuttle,12,"JFK / UMass"
235,0,64,4,"Faneuil St @ Oak Square"
235,1,57,8,"Tremont St opp Tremont Pl"
235,1,501,8,"Tremont St opp Tremont Pl"
236,0,"Red Line ",6,"JFK / UMass"
236,1,"Kingston/Greenbush ",6,"JFK / UMass"
236,2,"Middleborough/Lakeville ",6,"JFK / UMass"
237,0,"Red LIne ",8,"JFK / UMass"
237,1,"Greenbush/Kingston ",8,"JFK / UMass"
237,2,"Middleborough/Lakeville ",8,"JFK / UMass"
237,3,8,8,"JFK / UMass"
237,3,16,8,"JFK / UMass"
237,3,41,8,"JFK / UMass"
237,4,18,2,"Dorchster Ave @ Howes St"
238,0,"Red Line ",10,"JFK / UMass"
238,1,"Kingston/Greenbush ",10,"JFK / UMass"
238,2,"Middleborough/Lakeville ",10,"JFK / UMass"
238,3,8,10,"JFK / UMass"
238,3,16,10,"JFK / UMass"
238,3,41,10,"JFK / UMass"
239,0,"B ",16,"Boston College"
240,0,"B ",16,"Boston College"
241,0,"B ",13,"Harvard Avenue"
241,1,64,6,"Cambridge St @ Lincoln St"
241,1,66,6,"Cambridge St @ Lincoln St"
241,2,70,8,"Western Ave @ Riverdale St"
241,2,86,8,"Western Ave @ Riverdale St"
242,0,"Red ",8,"JFK / UMass"
242,1,"Greenbush Kingston ",8,"JFK / UMass"
242,2,"Middleborough/Lakeville ",8,"JFK / UMass"
243,0,"B ",4,"Washington Street"
243,1,65,3,"Corey Rd & Washington Street"
244,0,"Red Line ",9,JFK/UMass
244,1,"Greenbush Kingston ",9,JFK/UMass
244,2,"Middleborough/Lakeville ",9,JFK/UMass
244,3,"Fairmount Franklin ",14,Newmarket
244,4,8,9,JFK/UMass
244,4,16,9,JFK/UMass
244,4,41,9,JFK/UMass
245,0,"B ",8,"Harvard Avenue"
245,1,64,1,"Cambridge Street"
245,1,66,1,"Cambridge Street"
245,1,501,1,"Cambridge Street"
246,0,"Greenbush Kingston ",10,"JFK / UMass"
246,1,"Middleborough/Lakeville ",10,"JFK / UMass"
246,2,"Red Line ",10,"JFK / UMass"
246,3,8,10,"JFK / UMass"
246,3,16,10,"JFK / UMass"
246,3,41,10,"JFK / UMass"
247,0,"Red Line ",9,Andrew
247,1,"Fairmount/Franklin ",12,Newmarket
247,2,"Greenbush/Kingston ",13,"JFK / UMass"
247,3,"Middleborough/Lakeville ",13,"JFK / UMass"
247,4,8,13,"JFK / UMass"
247,4,41,13,"JFK / UMass"
248,0,"Red ",7,"JFK / UMas"
248,1,"Greenbush Line Kingston Line ",7,"JFK / UMas"
248,2,"Middleborough/Lakeville ",7,"JFK / UMas"
249,0,"Red line ",4,"JFK / UMass"
249,1,"Greenbush/Kingston ",4,"JFK / UMass"
249,2,"Middleborough/Lakeville ",4,"JFK / UMass"
249,3,8,4,"JFK / UMass"
249,3,16,4,"JFK / UMass"
249,3,41,4,"JFK / UMass"
250,0,"Red Line ",9,Andrew
250,1,"Fairmount/Franklin ",12,Newmarket
250,2,"Greenbush/Kingston ",13,"JFK / UMass"
250,3,"Middleborough/Lakeville ",13,"JFK / UMass"
250,4,8,13,"JFK / UMass"
250,4,41,13,"JFK / UMass"
251,0,"B ",13,"Harvard Avenue"
251,1,64,6,"Cambridge St @ Lincoln St"
251,1,66,6,"Cambridge St @ Lincoln St"
251,2,70,8,"Western Ave @ Riverdale St"
251,2,86,8,"Western Ave @ Riverdale St"
252,0,"Red Line ",9,JFK/UMass
252,1,"Greenbush Kingston ",9,JFK/UMass
252,2,"Middleborough/Lakeville ",9,JFK/UMass
252,3,"Fairmount Franklin ",14,Newmarket
252,4,8,9,JFK/UMass
252,4,16,9,JFK/UMass
252,4,41,9,JFK/UMass
253,0,"Red Line ",6,"JFK / UMass"
253,1,"Greenbush/Kingston ",6,"JFK / UMass"
253,2,"Fairmount/Franklin ",15,"Uphams Corner"
253,3,8,6,"JFK / UMass"
253,3,16,6,"JFK / UMass"
253,3,41,6,"JFK / UMass"
254,0,"B ",10,"Warren Street"
254,1,51,1,"Cambridge St @ Sparhawk St"
254,1,57,1,"Cambridge St @ Sparhawk St"
254,1,66,1,"Cambridge St @ Sparhawk St"
255,0,"Red Line ",14,Kendall/MIT
255,1,"D E ",15,"Union Square"
255,2,85,4,"Hampshire St @ Webster Ave"
256,0,"B ",4,"Washington Street"
256,1,65,3,"Corey Rd & Washington Street"
257,0,57,5,"Tremont St @ Washington St"
257,0,501,5,"Tremont St @ Washington St"
257,1,64,5,"Faneuil St @ Bigelow St"
258,0,"Orange line ",8,Haymarket
258,1,"Blue line ",11,Aquarium
259,0,"Orange line ",8,Haymarket
259,1,"Blue line ",11,Aquarium
260,0,"Framingham/Worcester ",15,"Boston Landing"
260,1,"B ",15,"Harvard Avenue"
260,2,66,2,"N Harvard St @ Hooker St"
260,3,64,4,"Cambridge St @ N Harvard St"
260,3,501,4,"Cambridge St @ N Harvard St"
261,0,"Framingham/Worcester ",15,"Boston Landing"
261,1,"B ",15,"Harvard Avenue"
261,2,66,2,"N Harvard St @ Hooker St"
261,3,64,4,"Cambridge St @ N Harvard St"
261,3,501,4,"Cambridge St @ N Harvard St"
262,0,15,3,"Dudley St @ Hampden St"
262,0,41,3,"Dudley St @ Hampden St"
262,0,45,3,"Dudley St @ Hampden St"
262,1,"Franklin Line ",15,Newmarket
263,0,"B ",3,"Sutherland Road"
264,0,"Red Line ",4,Central
264,1,47,2,"Pearl St @ Franklin St"
264,2,64,4,"Western Ave @ Green St"
264,2,70,4,"Western Ave @ Green St"
264,2,83,4,"Western Ave @ Green St"
264,2,91,4,"Western Ave @ Green St"
265,0,"B ",8,"Harvard Avenue"
265,1,64,1,"Cambridge Street"
265,1,66,1,"Cambridge Street"
265,1,501,1,"Cambridge Street"
266,0,44,4,"Walnut Ave @ Humboldt Ave"
266,1,10,6,"Warren St opp Woodbine St"
266,1,14,6,"Warren St opp Woodbine St"
266,1,19,6,"Warren St opp Woodbine St"
266,1,23,6,"Warren St opp Woodbine St"
266,1,28,6,"Warren St opp Woodbine St"
266,2,32,7,"Humboldt Ave @ Townsend St"
266,2,34,7,"Humboldt Ave @ Townsend St"
266,2,36,7,"Humboldt Ave @ Townsend St"
266,2,38,7,"Humboldt Ave @ Townsend St"
267,0,101,1,"Main St @ Moreland St"
267,1,89,7,"Broadway @ Bartlett St"
267,1,89/93,7,"Broadway @ Bartlett St"
267,2,95,7,"Mystic Ave @ Mystic Apartments"
268,0,"D E ",11,"Union Square"
268,1,"Orange Line ",15,"Sullivan Square"
268,2,95,15,"Sullivan Square"
268,2,101,15,"Sullivan Square"
268,2,104,15,"Sullivan Square"
268,2,105,15,"Sullivan Square"
268,2,109,15,"Sullivan Square"
269,0,"Red line ",3,"JFK / UMass"
269,1,"Greenbush Kingston ",3,"JFK / UMass"
269,2,"Middleborough/Lakeville ",3,"JFK / UMass"
269,3,8,3,"JFK / UMass"
269,3,16,3,"JFK / UMass"
269,3,41,3,"JFK / UMass"
270,0,66,4,"N Harvard St @ Coolidge Rd"
270,1,64,7,"Cambridge St @ Lincoln St"
270,2,"B ",15,"Harvard Avenue"
270,3,70,8,"Western Ave @ Riverdale St"
270,3,86,8,"Western Ave @ Riverdale St"
271,0,"Red Line ",7,"JFK / UMass"
271,1,"Greenbush/Kingston ",7,"JFK / UMass"
271,2,"Middleborough/Lakeville ",7,"JFK / UMass"
271,3,18,2,"Dorchester Ave @ Mayfield St"
271,4,8,7,"JFK / UMass"
271,4,16,7,"JFK / UMass"
271,4,41,7,"JFK / UMass"
272,0,83,1,"Prospect St"
272,0,91,1,"Prospect St"
272,1,"Red line ",10,Central
273,0,18,4,"Dorchester Ave @ Pearl St"
273,1,16,7,"Columbia Rd @ Stoughton St"
273,1,17,7,"Columbia Rd @ Stoughton St"
273,1,41,7,"Columbia Rd @ Stoughton St"
273,2,"Fairmount Line ",11,"Upham's Corner"
273,3,"Franklin Line/Foxboro Pilot ",11,"Upham's Corner"
273,4,"Red Line ",10,"Savin Hill"
274,0,"B ",10,"Warren Street"
274,1,51,1,"Cambridge St @ Sparhawk St"
274,1,57,1,"Cambridge St @ Sparhawk St"
274,1,66,1,"Cambridge St @ Sparhawk St"
274,2,501,3,"Cambridge St opp Dustin St"
275,0,"B ",10,"Warren Street"
275,1,"Framingham ",13,"Boston Landing"
275,2,"Worcester ",13,"Boston Landing"
275,3,51,1,"Cambridge St @ Sparhawk St"
275,3,57,1,"Cambridge St @ Sparhawk St"
275,3,66,1,"Cambridge St @ Sparhawk St"
276,0,"Orange Line ",11,"Roxbury Crossing"
276,1,14,3,"Centre St @ Cedar St"
276,1,41,3,"Centre St @ Cedar St"
276,2,22,11,"Jackson Square"
276,2,29,11,"Jackson Square"
276,2,44,11,"Jackson Square"
277,0,"Red Line ",8,Andrew
277,1,"Fairmount Franklin ",11,Newmarket
277,2,"Greenbush Kingston ",14,"JFK / UMass"
277,3,8,14,"JFK / UMass"
277,3,41,14,"JFK / UMass"
277,3,16,14,"JFK / UMass"
277,4,"Middleborough/Lakeville ",14,"JFK / UMass"
278,0,64,1,"Cambridge Street"
278,0,66,1,"Cambridge Street"
278,0,501,1,"Cambridge Street"
278,1,"B ",8,"Harvard Avenue"
279,0,"B ",4,"Washington Street"
279,1,65,3,"Corey Rd & Washington Street"
280,0,"B ",14,"Harvard Avenue"
280,1,70,12,"Western Ave @ Everest"
280,1,86,12,"Western Ave @ Everest"
281,0,"Orange line ",8,Ruggles
281,1,8,1,"Melnea Cass Blvd opp Kerr Way"
281,1,19,1,"Melnea Cass Blvd opp Kerr Way"
281,1,47,1,"Melnea Cass Blvd opp Kerr Way"
282,0,"Red Line ",3,"JFK / UMass"
282,1,"Greenbush/Kingston ",3,"JFK / UMass"
282,2,"Lakeville Line ",3,"JFK / UMass"
283,0,"Red Line ",2,"JFK / UMass"
283,1,"Kingston Line ",2,"JFK / UMass"
283,2,"Middleborough/Lakeville Line ",2,"JFK / UMass"
283,3,"Greenbush Line ",2,"JFK / UMass"
283,4,8,3,"JFK / UMass"
283,4,16,3,"JFK / UMass"
283,4,41,3,"JFK / UMass"
284,0,"Red Line ",2,"JFK / UMass"
284,1,"Kingston Line ",2,"JFK / UMass"
284,2,"Middleborough/Lakeville Line ",2,"JFK / UMass"
284,3,"Greenbush Line ",2,"JFK / UMass"
284,4,8,3,"JFK / UMass"
284,4,16,3,"JFK / UMass"
284,4,41,3,"JFK / UMass"
285,0,"Red ",8,"JFK / UMass"
285,1,"Greenbush Kingston ",8,"JFK / UMass"
285,2,"Middleborough/Lakeville ",8,"JFK / UMass"
286,0,"B ",2,"Chiswick Road"
286,1,"C ",10,"Cleveland Circle"
286,2,"D ",12,Reservoir
286,3,"Green Line ",12,Reservoir
286,4,51,3,"Chestnut Hill Ave @ Embassy Rd"
286,4,86,3,"Chestnut Hill Ave @ Embassy Rd"
287,0,"B ",8,"Harvard Avenue"
287,1,64,1,"Cambridge Street"
287,1,66,1,"Cambridge Street"
287,1,501,1,"Cambridge Street"
288,0,"B ",8,"Chiswick Road"
288,1,51,2,"Chestnut Hill Ave @ Wiltshire Rd"
288,1,86,2,"Chestnut Hill Ave @ Wiltshire Rd"
289,0,"B ",3,"Sutherland Road"
290,0,"Fairmount Line Franklin Line ",9,"Uphams Corner"
290,1,"Kingston Line Greenbush Line Middleborough/Lakeville Line ",12,"JFK / UMass"
290,2,"Red Line ",12,"JFK / UMass"
290,3,8,12,"JFK / UMass"
290,3,,12,"JFK / UMass"
290,3,16,12,"JFK / UMass"
290,3,41,12,"JFK / UMass"
290,3,Red,12,"JFK / UMass"
290,3,Line,12,"JFK / UMass"
290,3,Shuttle,12,"JFK / UMass"
291,0,"Red Line ",6,Central
291,1,68,2,"Broadway @ Inman St"
291,2,64,1,"Prospect St @ Harvard St"
291,2,83,1,"Prospect St @ Harvard St"
291,2,91,1,"Prospect St @ Harvard St"
292,0,"Framingham/Worcester ",6,"Boston Landing"
292,1,"B ",15,"Allston Street"
292,2,64,4,"N Beacon St @ Saunders St"
292,3,86,5,"Market St @ N Beacon St"
293,0,"B ",8,"Harvard Avenue"
293,1,"Framingham/Worcester ",12,"Boston Landing"
293,2,64,2,"Cambridge St @ Linden St"
293,2,66,2,"Cambridge St @ Linden St"
293,2,501,2,"Cambridge St @ Linden St"
294,0,"Red Line ",14,Kendall/MIT
294,1,"D E ",15,"Union Square"
294,2,85,4,"Hampshire St @ Webster Ave"
295,0,"Greenbush/Kingston ",1,"JFK / UMass"
295,1,"Red Line ",1,"JFK / UMass"
295,2,"Middleborough/Lakeville ",1,"JFK / UMass"
295,3,8,1,"JFK / UMass"
295,3,16,1,"JFK / UMass"
295,3,41,1,"JFK / UMass"
296,0,"E ",4,Symphony
296,1,"Orange Line ",7,"Massachusetts Ave"
296,2,"D B C ",10,"Hynes Convention Center Station"
296,3,"Franklin Needham Providence/Stoughton ",12,Ruggles
297,0,57,3,"Washington St @ Brock St"
297,0,501,3,"Washington St @ Brock St"
297,1,51,12,"Chestnut Hill Ave @ Veronica Smith Ctr"
297,1,65,12,"Chestnut Hill Ave @ Veronica Smith Ctr"
297,1,86,12,"Chestnut Hill Ave @ Veronica Smith Ctr"
298,0,"B ",5,"Griggs Street"
298,1,57,5,"Brighton Ave @ Allston St"
298,1,66,5,"Brighton Ave @ Allston St"
298,2,"Green Line B Shuttle ",5,"Griggs Street"
299,0,"Red line ",3,"JFK / UMass"
299,1,"Greenbush Kingston ",3,"JFK / UMass"
299,2,"Middleborough/Lakeville ",3,"JFK / UMass"
299,3,8,3,"JFK / UMass"
299,3,16,3,"JFK / UMass"
299,3,41,3,"JFK / UMass"
300,0,"Red LIne ",8,"JFK / UMass"
300,1,"Greenbush/Kingston ",8,"JFK / UMass"
300,2,"Middleborough/Lakeville ",8,"JFK / UMass"
300,3,8,8,"JFK / UMass"
300,3,16,8,"JFK / UMass"
300,3,41,8,"JFK / UMass"
300,4,18,2,"Dorchster Ave @ Howes St"
301,0,"Red Line ",2,"JFK / UMass"
301,1,"Kingston Line ",2,"JFK / UMass"
301,2,"Middleborough/Lakeville Line ",2,"JFK / UMass"
301,3,"Greenbush Line ",2,"JFK / UMass"
301,4,8,3,"JFK / UMass"
301,4,16,3,"JFK / UMass"
301,4,41,3,"JFK / UMass"
302,0,57,3,"Washington St @ Brock St"
302,0,501,3,"Washington St @ Brock St"
302,1,51,12,"Chestnut Hill Ave @ Veronica Smith Ctr"
302,1,65,12,"Chestnut Hill Ave @ Veronica Smith Ctr"
302,1,86,12,"Chestnut Hill Ave @ Veronica Smith Ctr"
303,0,"B ",8,"Harvard Avenue"
303,1,"Framingham ",13,"Boston Landing"
304,0,"E ",5,"Longwood Medical Area"
304,1,"Orange Line ",9,"Roxbury Crossing"
304,2,"Franklin/Needham/Providence ",15,Ruggles
304,3,39,3,"Huntington Ave @ Wigglesworth St"
305,0,51,4,"Chestnut Hill Ave & Strathmore Rd"
305,1,86,4,"Chestnut Hill Ave & Strathmore Rd"
305,2,"B ",2,"Commonwealth Ave & Chiswick Rd"
306,0,"Red Line ",3,"JFK / UMass"
306,1,"Greenbush/Kingston ",3,"JFK / UMass"
306,2,"Lakeville Line ",3,"JFK / UMass"
307,0,"Greenbush Kingston ",10,"JFK / UMass"
307,1,"Middleborough/Lakeville ",10,"JFK / UMass"
307,2,"Red Line ",10,"JFK / UMass"
307,3,8,10,"JFK / UMass"
307,3,16,10,"JFK / UMass"
307,3,41,10,"JFK / UMass"
308,0,"Framingham ",16,"Boston Landing"
308,1,"B ",16,"Harvard Avenue"
309,0,"B ",3,"Sutherland Road"
310,0,"Orange line ",8,Haymarket
310,1,"Blue line ",11,Aquarium
311,0,"B ",14,"Harvard Avenue"
311,1,70,12,"Western Ave @ Everest"
311,1,86,12,"Western Ave @ Everest"
312,0,"E ",14,"Symphony Station"
312,1,"Framingham/Worcester Line ",10,Lansdowne
313,0,"B ",8,"Harvard Avenue"
313,1,"Framingham ",13,"Boston Landing"
314,0,64,4,"Brooks St @ Faneuil St"
314,1,57,9,"Washington St @ Oak Square Ave"
314,1,501,9,"Washington St @ Oak Square Ave"
314,2,86,14,"Market St @ Keenan Rd"
315,0,"Fairmount/Franklin ",8,"Uphams Corner"
315,1,"Red Line ",15,"JFK / UMass"
315,2,"Greenbush/Kingston ",15,"JFK / UMass"
315,3,"Middleborough/Lakeville ",15,"JFK / UMass"
316,0,"Red Line ",5,"JFK / UMass"
316,1,"Greenbush/Kingston ",5,"JFK / UMass"
316,2,"Middleborough/Lakeville ",5,"JFK / UMass"
317,0,57,2,"Washington St @ Oak Square Ave"
317,0,501,2,"Washington St @ Oak Square Ave"
317,1,64,6,"Faneuil St @ Brooks St"
318,0,"Red Line ",3,"JFK / UMass"
318,1,"Red Line ",8,"Savin Hill"
319,0,"Orange line ",8,Haymarket
319,1,"Blue line ",11,Aquarium
320,0,64,6,"Faneuil St @ Oak Square"
320,1,57,6,"Tremont St @ Washington St"
320,2,501,8,"Tremont St opp Tremont Pl"
321,0,44,4,"Walnut Ave @ Humboldt Ave"
321,1,10,6,"Warren St opp Woodbine St"
321,1,14,6,"Warren St opp Woodbine St"
321,1,19,6,"Warren St opp Woodbine St"
321,1,23,6,"Warren St opp Woodbine St"
321,1,28,6,"Warren St opp Woodbine St"
321,2,32,7,"Humboldt Ave @ Townsend St"
321,2,34,7,"Humboldt Ave @ Townsend St"
321,2,36,7,"Humboldt Ave @ Townsend St"
321,2,38,7,"Humboldt Ave @ Townsend St"
322,0,"Orange line ",8,Haymarket
322,1,"Blue line ",11,Aquarium
323,0,"Red Line ",6,JFK/UMass
323,1,"Greenbush Line Kingston Line ",6,JFK/UMass
323,2,"Fairmount Line Franklin/Foxboro Line ",15,Newmarket
323,3,8,6,JFK/UMass
323,3,16,6,JFK/UMass
323,3,41,6,JFK/UMass
324,0,"Red Line ",5,"JFK / UMass"
324,1,"Greenbush/Kingston ",5,"JFK / UMass"
324,2,"Middleborough/Lakeville ",5,"JFK / UMass"
325,0,"B ",3,"Packards Corner"
325,1,57,3,"Kenmore Station"
326,0,"Red Line ",3,"JFK / UMass"
326,1,"Red Line ",8,"Savin Hill"
327,0,"Fitchburg Line ",10,Porter
327,1,"Red Line ",10,Porter
327,2,83,10,"Somerville Ave @ Lowell St"
327,2,87,10,"Somerville Ave @ Lowell St"
328,0,85,4,"Hampshire St @ Webster Ave"
328,1,"CT2 ",4,"Hampshire St @ Cardinal Medeiros Ave"
328,2,64,6,"Broadway @ Hampshire St"
328,2,68,6,"Broadway @ Hampshire St"
329,0,"Red Line ",5,"JFK / UMass"
329,1,"Greenbush/Kingston ",5,"JFK / UMass"
329,2,"Middleborough/Lakeville ",5,"JFK / UMass"
330,0,"Orange line ",8,Haymarket
330,1,"Blue line ",11,Aquarium
331,0,"B ",10,"Warren Street"
331,1,"Framingham ",13,"Boston Landing"
331,2,"Worcester ",13,"Boston Landing"
331,3,51,1,"Cambridge St @ Sparhawk St"
331,3,57,1,"Cambridge St @ Sparhawk St"
331,3,66,1,"Cambridge St @ Sparhawk St"
332,0,"Red Line ",3,"JFK / UMass"
332,1,"Red Line ",8,"Savin Hill"
333,0,"Fitchburg Line ",10,Porter
333,1,"Red Line ",10,Porter
333,2,83,10,"Somerville Ave @ Lowell St"
333,2,87,10,"Somerville Ave @ Lowell St"
334,0,"Red Line ",10,"Savin Hill"
334,1,18,2,"Dorchester Ave@ Belford Str"
334,2,15,10,"Columbia Rd @Buttonwood Str"
335,0,"B ",14,"Harvard Avenue"
335,1,70,12,"Western Ave @ Everest"
335,1,86,12,"Western Ave @ Everest"
336,0,"B ",5,"Chiswick Road"
336,1,51,4,"Chestnut Hill Ave @ Wallingford Rd"
336,1,86,4,"Chestnut Hill Ave @ Wallingford Rd"
337,0,"Red Line ",6,Central
337,1,68,2,"Broadway @ Inman St"
337,2,64,1,"Prospect St @ Harvard St"
337,2,83,1,"Prospect St @ Harvard St"
337,2,91,1,"Prospect St @ Harvard St"
338,0,"B ",10,"Warren Street"
338,1,51,1,"Cambridge St @ Sparhawk St"
338,1,57,1,"Cambridge St @ Sparhawk St"
338,1,66,1,"Cambridge St @ Sparhawk St"
339,0,85,4,"Hampshire St @ Webster Ave"
339,1,"CT2 ",4,"Hampshire St @ Cardinal Medeiros Ave"
339,2,64,6,"Broadway @ Hampshire St"
339,2,68,6,"Broadway @ Hampshire St"
340,0,"B ",8,"Harvard Avenue"
340,1,64,2,"Cambridge Street"
340,1,66,2,"Cambridge Street"
340,1,501,2,"Cambridge Street"
340,2,51,6,"Brighton Ave opp Quint Ave"
340,2,57,6,"Brighton Ave opp Quint Ave"
341,0,"Red Line ",14,Kendall/MIT
341,1,"D E ",15,"Union Square"
341,2,85,4,"Hampshire St @ Webster Ave"
342,0,"Framingham/Worcester ",13,"Boston Landing"
342,1,"B ",15,"Harvard Avenue"
342,2,66,4,"N Harvard St @ Coolidge Rd"
342,3,64,7,"Cambridge St @ Lincoln St"
343,0,"B ",3,"Packards Corner"
344,0,"B ",8,"Harvard Avenue"
344,1,"Framingham/Worcester Line ",12,"Boston Landing"
345,0,66,4,"N Harvard St @ Coolidge Rd"
345,1,64,7,"Cambridge St @ Lincoln St"
345,2,"B ",15,"Harvard Avenue"
345,3,70,8,"Western Ave @ Riverdale St"
345,3,86,8,"Western Ave @ Riverdale St"
346,0,"B ",8,"Harvard Avenue"
346,1,64,1,"Cambridge Street"
346,1,66,1,"Cambridge Street"
346,1,501,1,"Cambridge Street"
347,0,"Red Line ",6,"JFK / UMass"
347,1,"Kingston/Greenbush ",6,"JFK / UMass"
347,2,"Middleborough/Lakeville ",6,"JFK / UMass"
348,0,18,4,"Dorchester Ave @ Pearl St"
348,1,16,7,"Columbia Rd @ Stoughton St"
348,1,17,7,"Columbia Rd @ Stoughton St"
348,1,41,7,"Columbia Rd @ Stoughton St"
348,2,"Fairmount Line ",11,"Upham's Corner"
348,3,"Franklin Line/Foxboro Pilot ",11,"Upham's Corner"
348,4,"Red Line ",10,"Savin Hill"
349,0,"Framingham/Worcester Line ",11,"Boston Landing"
349,1,64,6,"Cambridge Street"
349,1,66,6,"Cambridge Street"
349,1,501,6,"Cambridge Street"
349,2,70,11,"Western Ave @ Everett St"
349,2,86,11,"Western Ave @ Everett St"
350,0,"B ",4,"Washington Street"
350,1,65,3,"Corey Rd & Washington Street"
351,0,"B ",9,"Chiswick Road"
351,1," ",15,"Cleveland Circle"
351,2,51,3,"Chestnut Hill Ave @ Wiltshire Rd"
351,2,86,3,"Chestnut Hill Ave @ Wiltshire Rd"
352,0,64,4,"Faneuil St @ Oak Square"
352,1,57,8,"Tremont St opp Tremont Pl"
352,1,501,8,"Tremont St opp Tremont Pl"
353,0,"Red Line ",7,"JFK / UMass"
353,1,"Greenbush/Kingston ",7,"JFK / UMass"
353,2,"Middleborough/Lakeville ",7,"JFK / UMass"
353,3,18,2,"Dorchester Ave @ Mayfield St"
353,4,8,7,"JFK / UMass"
353,4,16,7,"JFK / UMass"
353,4,41,7,"JFK / UMass"
354,0,"B ",3,"Packards Corner"
354,1,57,3,"Kenmore Station"
355,0,10,1,"Dorchester St @ W 5th St"
355,1,11,2,"W 6th St @ F St"
355,2,"Red Line ",13,Andrew
356,0,"Red ",8,Andrew
356,1,"Fairmount Franklin ",13,Newmarket
356,2,"Greenbush Kingston ",14,"JFK / UMass"
356,3,"Middleborough/Lakeville ",14,"JFK / UMass"
357,0,51,4,"Chestnut Hill Ave & Strathmore Rd"
357,1,86,4,"Chestnut Hill Ave & Strathmore Rd"
357,2,"B ",2,"Commonwealth Ave & Chiswick Rd"
358,0,51,4,"Chestnut Hill Ave & Strathmore Rd"
358,1,86,4,"Chestnut Hill Ave & Strathmore Rd"
358,2,"B ",2,"Commonwealth Ave & Chiswick Rd"
359,0,"Framingham/Worcester ",6,"Boston Landing"
359,1,"B ",15,"Allston Street"
359,2,64,4,"N Beacon St @ Saunders St"
359,3,86,5,"Market St @ N Beacon St"
360,0,10,1,"Dorchester St @ W 5th St"
360,1,11,2,"W 6th St @ F St"
360,2,"Red Line ",13,Andrew
371,0,"Red Line ",9,Shawmut
371,1,23,2,"Washington St @ Park St"
372,0,"Orange Line ",8,"Jackson Square"
372,1,"E ",9,"Health Street"
373,0,"Blue Line ",2,Maverick
373,1,114,2,Maverick
373,1,116,2,Maverick
373,1,117,2,Maverick
373,1,120,2,Maverick
373,1,121,2,Maverick
374,0,"Red line ",5,Shawmut
375,0,"Orange Line ",8,"Jackson Square"
375,1,"E ",9,"Health Street"
376,0,"Orange Line ",8,"Roxbury Crossing"
376,1,"E ",9,"Brigham Circle"
376,2,14,13,"Jackson Square"
376,2,22,13,"Jackson Square"
376,2,29,13,"Jackson Square"
376,2,41,13,"Jackson Square"
376,2,44,13,"Jackson Square"
377,0,"Blue Line ",2,Maverick
377,1,114,2,Maverick
377,1,116,2,Maverick
377,1,117,2,Maverick
377,1,120,2,Maverick
377,1,121,2,Maverick
378,0,"Orange line ",15,Assembly
378,1,95,5,"Mystic Ave @ Temple Rd"
379,0,"E ",5,"Fenwood Road"
379,1,"Orange Line ",10,"Roxbury Crossing"
379,2,35,4,"Huntington Ave opp Fenwood Rd"
379,2,39,4,"Huntington Ave opp Fenwood Rd"
379,2,66,4,"Huntington Ave opp Fenwood Rd"
380,0,"Orange Line ",5,"Stony Brook"
380,1,42,3,"Washington St"
380,2,22,7,"Columbus Ave @ Dimock St"
380,2,29,7,"Columbus Ave @ Dimock St"
380,2,44,7,"Columbus Ave @ Dimock St"
380,3,14,14,"Jackson Square"
380,3,41,14,"Jackson Square"
381,0,"Orange Line ",5,"Stony Brook"
381,1,14,14,"Jackson Square"
381,1,22,14,"Jackson Square"
381,1,29,14,"Jackson Square"
381,1,41,14,"Jackson Square"
381,1,44,14,"Jackson Square"
381,2,42,3,"Washington St & School St"
382,0,89,2,"Broadway @ Montgomery Ave"
382,0,93,2,"Broadway @ Montgomery Ave"
382,0,101,2,"Broadway @ Montgomery Ave"
382,1,80,10,"Medford St @ School St"
382,2,95,10,"Mystic Ave @ Wheatland St"
383,0,"Blue Line ",10,Airport
383,1,121,1,"Lexington St @ Marion St"
383,2,114,3,"Meridian St @ Lexington St"
383,2,116,3,"Meridian St @ Lexington St"
383,2,117,3,"Meridian St @ Lexington St"
384,0,"Blue Line ",11,Airport
384,1,"SL3 ",11,Airport
385,0,"E ",5,"Fenwood Road"
385,1,"Orange line ",11,"Roxbury Crossing"
385,2,35,4,"Huntington Ave opp Fenwood Rd"
385,2,39,4,"Huntington Ave opp Fenwood Rd"
385,2,66,4,"Huntington Ave opp Fenwood Rd"
386,0,"Orange Line ",8,"Roxbury Crossing"
386,1,"E ",9,"Brigham Circle"
386,2,14,13,"Jackson Square"
386,2,22,13,"Jackson Square"
386,2,29,13,"Jackson Square"
386,2,41,13,"Jackson Square"
386,2,44,13,"Jackson Square"
387,0,"Red line ",5,Shawmut
388,0,"Franklin Fairmount ",12,"Morton Street"
388,1,28,2,"Blue Hill Ave @ Woodrow Ave"
388,1,29,2,"Blue Hill Ave @ Woodrow Ave"
389,0,"Red Line ",9,Shawmut
389,1,23,2,"Washington St @ Park St"
390,0,"Orange Line ",8,"Roxbury Crossing"
390,1,"E ",9,"Brigham Circle"
390,2,14,13,"Jackson Square"
390,2,22,13,"Jackson Square"
390,2,29,13,"Jackson Square"
390,2,41,13,"Jackson Square"
390,2,44,13,"Jackson Square"
391,0,"Fairmount Line Franklin Line ",4,"Four Corners/Geneva"
391,1,16,3,"Columbia Rd @ Seaver St"
391,2,23,4,"Washington Street @ Four Corners"
392,0,"Fairmount/Franklin ",7,"Four Corners/Geneva"
392,1,14,3,"Blue Hill Ave opp McLellan St"
392,1,22,3,"Blue Hill Ave opp McLellan St"
392,1,28,3,"Blue Hill Ave opp McLellan St"
392,1,29,3,"Blue Hill Ave opp McLellan St"
392,1,45,3,"Blue Hill Ave opp McLellan St"
393,0,"Fairmount Line Franklin Line ",4,"Four Corners/Geneva"
393,1,16,3,"Columbia Rd @ Seaver St"
393,2,23,4,"Washington Street @ Four Corners"
394,0,"Orange line ",15,Assembly
394,1,95,5,"Mystic Ave @ Temple Rd"
395,0,"D E ",15,"Union Square"
395,1,80,3,"Pearl St @ McGrath Hwy"
395,2,88,3,"Highland Ave @ Walnut St"
395,2,90,3,"Highland Ave @ Walnut St"
396,0,"Orange Line ",5,"Stony Brook"
396,1,42,3,"Washington St"
396,2,22,7,"Columbus Ave @ Dimock St"
396,2,29,7,"Columbus Ave @ Dimock St"
396,2,44,7,"Columbus Ave @ Dimock St"
396,3,14,14,"Jackson Square"
396,3,41,14,"Jackson Square"
397,0,"Orange Line ",5,"Stony Brook"
397,1,14,14,"Jackson Square"
397,1,22,14,"Jackson Square"
397,1,29,14,"Jackson Square"
397,1,41,14,"Jackson Square"
397,1,44,14,"Jackson Square"
397,2,42,3,"Washington St & School St"
398,0,89,2,"Broadway @ Montgomery Ave"
398,0,93,2,"Broadway @ Montgomery Ave"
398,0,101,2,"Broadway @ Montgomery Ave"
398,1,80,10,"Medford St @ School St"
398,2,95,10,"Mystic Ave @ Wheatland St"
399,0,"Fairmount/Franklin ",7,"Four Corners/Geneva"
399,1,14,3,"Blue Hill Ave opp McLellan St"
399,1,22,3,"Blue Hill Ave opp McLellan St"
399,1,28,3,"Blue Hill Ave opp McLellan St"
399,1,29,3,"Blue Hill Ave opp McLellan St"
399,1,45,3,"Blue Hill Ave opp McLellan St"
400,0,"E ",5,"Fenwood Road"
400,1,"Orange line ",11,"Roxbury Crossing"
400,2,35,4,"Huntington Ave opp Fenwood Rd"
400,2,39,4,"Huntington Ave opp Fenwood Rd"
400,2,66,4,"Huntington Ave opp Fenwood Rd"
401,0,"Red line ",5,Shawmut
402,0,"Red line ",5,Shawmut
403,0,"Orange Line ",15,Assembly
403,1,95,5,"Mystic Ave @ Temple Rd"
403,2,90,10,"Grand Union Blvd opp Artisan Way"
404,0,"Blue Line ",10,Airport
404,1,121,1,"Lexington St @ Marion St"
404,2,114,3,"Meridian St @ Lexington St"
404,2,116,3,"Meridian St @ Lexington St"
404,2,117,3,"Meridian St @ Lexington St"
405,0,"Framingham/Worcester ",6,Auburndale
405,1,"D ",11,Riverside
405,2,558,11,Riverside
405,3,"MBRS ",11,Riverside
406,0,"B ",5,"Washington Street"
406,1,"C ",6,"Tappan Street"
406,2,"D ",10,Beaconsfield
406,3,65,1,"Washington St @ Corey Rd"
407,0,66,4,"N Harvard St @ Coolidge Rd"
407,1,64,7,"Cambridge St @ Lincoln St"
407,2,"B ",15,"Harvard Avenue"
407,3,70,8,"Western Ave @ Riverdale St"
407,3,86,8,"Western Ave @ Riverdale St"
408,0,"Red Line ",8,Porter
408,1,"Fitchburg Line ",8,Porter
408,2,88,2,"Highland Ave @ Willow Ave"
408,2,89,2,"Highland Ave @ Willow Ave"
408,3,87,10,Davis
408,3,88,10,Davis
408,3,89,10,Davis
408,3,90,10,Davis
408,3,94,10,Davis
408,3,96,10,Davis
409,0,"Orange Line ",8,"Jackson Square"
409,1,"E ",9,"Health Street"
410,0,"E ",5,"Fenwood Road"
410,1,"Orange Line ",11,"Roxbury Crossing"
410,2,35,6,"Huntington Ave @ Fenwood Rd"
410,2,39,6,"Huntington Ave @ Fenwood Rd"
410,2,66,6,"Huntington Ave @ Fenwood Rd"
411,0,"Orange Line ",5,"Roxbury Crossing"
411,1,"Franklin Providence/Stoughton Needham ",14,Ruggles
411,2,66,5,"Tremont St @ Sewall St"
411,3,14,11,"Jackson Square"
411,3,22,11,"Jackson Square"
411,3,29,11,"Jackson Square"
411,3,41,11,"Jackson Square"
411,3,44,11,"Jackson Square"
412,0,"Orange Line ",5,"Stony Brook"
412,1,42,3,"Washington St"
412,2,22,7,"Columbus Ave @ Dimock St"
412,2,29,7,"Columbus Ave @ Dimock St"
412,2,44,7,"Columbus Ave @ Dimock St"
412,3,14,14,"Jackson Square"
412,3,41,14,"Jackson Square"
413,0,"B ",5,"Washington Street"
413,1,"C ",6,"Tappan Street"
413,2,"D ",10,Beaconsfield
413,3,65,1,"Washington St @ Corey Rd"
414,0,"Red Line ",9,Shawmut
414,1,23,2,"Washington St @ Park St"
415,0,"Orange Line ",11,"Roxbury Crossing"
415,1,"E ",11,"Fenwood Road"
416,0,"Blue Line ",11,Airport
416,1,"SL3 ",11,Airport
417,0,"Red LIne ",8,"JFK / UMass"
417,1,"Greenbush/Kingston ",8,"JFK / UMass"
417,2,"Middleborough/Lakeville ",8,"JFK / UMass"
417,3,8,8,"JFK / UMass"
417,3,16,8,"JFK / UMass"
417,3,41,8,"JFK / UMass"
417,4,18,2,"Dorchster Ave @ Howes St"
418,0,83,1,"Prospect St"
418,0,91,1,"Prospect St"
418,1,"Red line ",10,Central
419,0,"Blue Line ",2,Maverick
419,1,114,2,Maverick
419,1,116,2,Maverick
419,1,117,2,Maverick
419,1,120,2,Maverick
419,1,121,2,Maverick
420,0,"E ",5,"Fenwood Road"
420,1,"Orange line ",11,"Roxbury Crossing"
420,2,35,4,"Huntington Ave opp Fenwood Rd"
420,2,39,4,"Huntington Ave opp Fenwood Rd"
420,2,66,4,"Huntington Ave opp Fenwood Rd"
421,0,"Red Line ",9,Shawmut
421,1,23,2,"Washington St @ Park St"
422,0,"Orange Line ",15,Assembly
422,1,95,5,"Mystic Ave @ Temple Rd"
422,2,90,10,"Grand Union Blvd opp Artisan Way"
423,0,"B ",5,"Washington Street"
423,1,"C ",6,"Tappan Street"
423,2,"D ",10,Beaconsfield
423,3,65,1,"Washington St @ Corey Rd"
424,0,"Orange Line ",15,Assembly
424,1,95,5,"Mystic Ave @ Temple Rd"
424,2,90,10,"Grand Union Blvd opp Artisan Way"
425,0,"Blue Line ",2,Maverick
425,1,114,2,Maverick
425,1,116,2,Maverick
425,1,117,2,Maverick
425,1,120,2,Maverick
425,1,121,2,Maverick
426,0,"Orange Line ",11,"Roxbury Crossing"
426,1,"E ",11,"Fenwood Road"
427,0,22,1,"Seaver St @ Maple Street"
427,0,29,1,"Seaver St @ Maple Street"
427,0,32,1,"Seaver St @ Maple Street"
427,0,34,1,"Seaver St @ Maple Street"
427,0,36,1,"Seaver St @ Maple Street"
427,1,"Fairmount Line Franklin Line ",11,"Four Corners/Geneva"
428,0,"Orange line ",15,Assembly
428,1,95,5,"Mystic Ave @ Temple Rd"
429,0,"E ",5,"Fenwood Road"
429,1,"Orange Line ",9,"Roxbury Crossing"
429,2,35,5,"Huntington Ave opp Fenwood Rd"
429,2,39,5,"Huntington Ave opp Fenwood Rd"
429,2,66,5,"Huntington Ave opp Fenwood Rd"
